-- Dumping structure for table dbfurnilac.buyer
CREATE TABLE IF NOT EXISTS `buyer` (
  `id` int(11) NOT NULL AUTO_INCREMENT,
  `name` varchar(60) NOT NULL,
  `created_at` timestamp NULL DEFAULT NULL,
  `updated_at` timestamp NULL DEFAULT NULL,
  `deleted_at` timestamp NULL DEFAULT NULL,
  PRIMARY KEY (`id`)
);

-- Dumping data for table dbfurnilac.buyer: ~2 rows (approximately)
/*!40000 ALTER TABLE `buyer` DISABLE KEYS */;
REPLACE INTO `buyer` (`id`, `name`, `created_at`, `updated_at`, `deleted_at`) VALUES
	(1, 'PT. Fabelio, Ltd', '2019-07-23 00:26:59', '2019-07-22 19:08:48', NULL),
	(2, 'PT. Fabelio', '2019-07-23 00:26:59', '2019-07-22 19:06:24', '2019-07-22 19:06:24'),
	(3, 'PT. Ace Hardware, Tbk', '2019-07-22 19:07:19', '2019-07-22 19:08:59', '2019-07-22 19:08:59');
/*!40000 ALTER TABLE `buyer` ENABLE KEYS */;


-- Dumping structure for table dbfurnilac.employee
CREATE TABLE IF NOT EXISTS `employee` (
  `id` int(11) NOT NULL AUTO_INCREMENT,
  `nik` varchar(10) NOT NULL,
  `name` varchar(60) NOT NULL,
  `created_at` timestamp NULL DEFAULT NULL,
  `updated_at` timestamp NULL DEFAULT NULL,
  `deleted_at` timestamp NULL DEFAULT NULL,
  PRIMARY KEY (`id`)
);

-- Dumping data for table dbfurnilac.employee: ~860 rows (approximately)
/*!40000 ALTER TABLE `employee` DISABLE KEYS */;
REPLACE INTO `employee` (`id`, `nik`, `name`, `created_at`, `updated_at`, `deleted_at`) VALUES
	(1, '23444', 'AHMAD YANI', '2019-07-22 21:55:35', NULL, NULL),
	(2, '23467', 'KAMARUDIN', '2019-07-22 21:55:36', NULL, NULL),
	(3, '23468', 'SA\'IN SAPUTRA', '2019-07-22 21:55:36', NULL, NULL),
	(4, '23464', 'YAYAH SULIAH', '2019-07-22 21:55:36', NULL, NULL),
	(5, '23217', 'DYAH NANIK ISWAHYUNI', '2019-07-22 21:55:36', NULL, NULL),
	(6, '23218', 'FATMAWATI', '2019-07-22 21:55:36', NULL, NULL),
	(7, '23220', 'NURHAYATI', '2019-07-22 21:55:36', NULL, NULL),
	(8, '23221', 'SITI NURUL FADDILAH', '2019-07-22 21:55:36', NULL, NULL),
	(9, '23222', 'SUMIYATI', '2019-07-22 21:55:36', NULL, NULL),
	(10, '23415', 'FIQIH CAHYO HERLANDO', '2019-07-22 21:55:37', NULL, NULL),
	(11, '23420', 'INDRA SETIONO', '2019-07-22 21:55:37', NULL, NULL),
	(12, '23434', 'RAIS BAYU YULIANTO ', '2019-07-22 21:55:37', NULL, NULL),
	(13, '23308', 'JAENUDIN', '2019-07-22 21:55:37', NULL, NULL),
	(14, '23309', 'NOVIYANTI NOER', '2019-07-22 21:55:37', NULL, NULL),
	(15, '23310', 'NURLAILA', '2019-07-22 21:55:37', NULL, NULL),
	(16, '23312', 'RUSLI JULYADI', '2019-07-22 21:55:37', NULL, NULL),
	(17, '23314', 'SITI KHODIJAH', '2019-07-22 21:55:37', NULL, NULL),
	(18, '23316', 'SITI ROBIYATUL ADAWIYAH', '2019-07-22 21:55:37', NULL, NULL),
	(19, '23317', 'TURYANTI', '2019-07-22 21:55:38', NULL, NULL),
	(20, '23318', 'WAHYU', '2019-07-22 21:55:38', NULL, NULL),
	(21, '23223', 'AHMAD JAENAL', '2019-07-22 21:55:38', NULL, NULL),
	(22, '23224', 'DEWI', '2019-07-22 21:55:38', NULL, NULL),
	(23, '23228', 'KAJI', '2019-07-22 21:55:38', NULL, NULL),
	(24, '23229', 'MARSIYAH', '2019-07-22 21:55:38', NULL, NULL),
	(25, '23231', 'MUHAYAR HERDIANSYAH', '2019-07-22 21:55:38', NULL, NULL),
	(26, '23232', 'MUTIANAH', '2019-07-22 21:55:38', NULL, NULL),
	(27, '23234', 'NUR AIDA', '2019-07-22 21:55:38', NULL, NULL),
	(28, '23235', 'SRI SULISTYAWATI', '2019-07-22 21:55:38', NULL, NULL),
	(29, '23236', 'SUHETI', '2019-07-22 21:55:39', NULL, NULL),
	(30, '23404', 'AHMAD HERDIYANSAH', '2019-07-22 21:55:39', NULL, NULL),
	(31, '23410', 'DIAN HARDIKA SARI', '2019-07-22 21:55:39', NULL, NULL),
	(32, '23413', 'ELISABET LISNAWATI SIHITE', '2019-07-22 21:55:39', NULL, NULL),
	(33, '23430', 'PAGEUH IMAN JULIANTO', '2019-07-22 21:55:39', NULL, NULL),
	(34, '23437', 'SITI AMINAH', '2019-07-22 21:55:39', NULL, NULL),
	(35, '23443', 'VIVI OKTAVIANA SULISTIAWATI', '2019-07-22 21:55:39', NULL, NULL),
	(36, '23445', 'ANDRIANSYAH', '2019-07-22 21:55:39', NULL, NULL),
	(37, '23448', 'ENENG RIA NURPADILAH B.R.', '2019-07-22 21:55:39', NULL, NULL),
	(38, '23449', 'EVA SOLIHATI', '2019-07-22 21:55:40', NULL, NULL),
	(39, '23451', 'IIN ALFIANTI', '2019-07-22 21:55:40', NULL, NULL),
	(40, '23453', 'KURNIAH', '2019-07-22 21:55:40', NULL, NULL),
	(41, '23454', 'MIMIN', '2019-07-22 21:55:40', NULL, NULL),
	(42, '23456', 'MUTASIM BILAH', '2019-07-22 21:55:40', NULL, NULL),
	(43, '23457', 'NUNIK HARYANTI', '2019-07-22 21:55:40', NULL, NULL),
	(44, '23459', 'OKTAVIANA LEDIA PUTRI', '2019-07-22 21:55:40', NULL, NULL),
	(45, '23463', 'USMINAH', '2019-07-22 21:55:40', NULL, NULL),
	(46, '20190110', 'AISAH', '2019-07-22 21:55:40', '2019-07-22 18:54:10', NULL),
	(47, '23472', 'AISAH', '2019-07-22 21:55:41', NULL, NULL),
	(48, '23476', 'ATIKA', '2019-07-22 21:55:41', NULL, NULL),
	(49, '23478', 'D JAPARI', '2019-07-22 21:55:41', NULL, NULL),
	(50, '23479', 'DEVI ARYANI', '2019-07-22 21:55:41', NULL, NULL),
	(51, '23480', 'DEWI IRIYANTI', '2019-07-22 21:55:41', NULL, NULL),
	(52, '23481', 'EKA PUSPITA', '2019-07-22 21:55:41', NULL, NULL),
	(53, '23482', 'ELIYANTI', '2019-07-22 21:55:41', NULL, NULL),
	(54, '23483', 'ELLY HARYANI', '2019-07-22 21:55:41', NULL, NULL),
	(55, '23484', 'FITRI FEBRIYANTI', '2019-07-22 21:55:42', NULL, NULL),
	(56, '23485', 'FURSIAH', '2019-07-22 21:55:42', NULL, NULL),
	(57, '23487', 'INDRI YANI', '2019-07-22 21:55:42', NULL, NULL),
	(58, '23489', 'KURNIAH', '2019-07-22 21:55:42', NULL, NULL),
	(59, '23490', 'KUSTININGSIH', '2019-07-22 21:55:42', NULL, NULL),
	(60, '23426', 'MUHAMAD SOBARI', '2019-07-22 21:55:42', NULL, NULL),
	(61, '23494', 'MUJIYANTI', '2019-07-22 21:55:42', NULL, NULL),
	(62, '23495', 'MULYANAH', '2019-07-22 21:55:42', NULL, NULL),
	(63, '23429', 'NINA DWI UTAMI', '2019-07-22 21:55:42', NULL, NULL),
	(64, '23499', 'NURLAELAH', '2019-07-22 21:55:43', NULL, NULL),
	(65, '23500', 'PENI PUSPITA SARI', '2019-07-22 21:55:43', NULL, NULL),
	(66, '23504', 'ROHMAN', '2019-07-22 21:55:43', NULL, NULL),
	(67, '23438', 'SITI HERLINA MEGAWATI', '2019-07-22 21:55:43', NULL, NULL),
	(68, '23508', 'SITI MAESAROH', '2019-07-22 21:55:43', NULL, NULL),
	(69, '23510', 'SUTINI', '2019-07-22 21:55:43', NULL, NULL),
	(70, '23440', 'TADKHIYATUL KARIMAH', '2019-07-22 21:55:43', NULL, NULL),
	(71, '23511', 'TIMBUL RUDI NUGROHO', '2019-07-22 21:55:43', NULL, NULL),
	(72, '23512', 'TUTI PURWATI', '2019-07-22 21:55:43', NULL, NULL),
	(73, '23442', 'UMI SAMSIATUN', '2019-07-22 21:55:44', NULL, NULL),
	(74, '23513', 'UMIATI', '2019-07-22 21:55:44', NULL, NULL),
	(75, '23515', 'WATIK PARGIYATI', '2019-07-22 21:55:44', NULL, NULL),
	(76, '23519', 'YUSA', '2019-07-22 21:55:44', NULL, NULL),
	(77, '23239', 'APRILLIYA TAKBIRANI', '2019-07-22 21:55:44', NULL, NULL),
	(78, '23245', 'EUIS MARLINA', '2019-07-22 21:55:44', NULL, NULL),
	(79, '23252', 'MARIAH', '2019-07-22 21:55:44', NULL, NULL),
	(80, '23256', 'MULYANAH', '2019-07-22 21:55:44', NULL, NULL),
	(81, '23258', 'NURIL ELMI TRI ASMARA DEWI', '2019-07-22 21:55:44', NULL, NULL),
	(82, '23261', 'RIANA', '2019-07-22 21:55:45', NULL, NULL),
	(83, '23264', 'SITI AISAH', '2019-07-22 21:55:45', NULL, NULL),
	(84, '23266', 'SITI YULI RUSMAYA SOLEHAT', '2019-07-22 21:55:45', NULL, NULL),
	(85, '23271', 'SUSI SUSANTI', '2019-07-22 21:55:45', NULL, NULL),
	(86, '23277', 'YULI YANI', '2019-07-22 21:55:45', NULL, NULL),
	(87, '23324', 'ELVI AENI', '2019-07-22 21:55:45', NULL, NULL),
	(88, '23328', 'HARNI', '2019-07-22 21:55:45', NULL, NULL),
	(89, '23333', 'MARDIYAH', '2019-07-22 21:55:45', NULL, NULL),
	(90, '23334', 'MEKI SUSANTI', '2019-07-22 21:55:45', NULL, NULL),
	(91, '23341', 'OKTARIA APRIANTI', '2019-07-22 21:55:45', NULL, NULL),
	(92, '23345', 'RISKA SAFITRI', '2019-07-22 21:55:46', NULL, NULL),
	(93, '23347', 'ROMI AGUSTI', '2019-07-22 21:55:46', NULL, NULL),
	(94, '23349', 'SARIHATI', '2019-07-22 21:55:46', NULL, NULL),
	(95, '23352', 'SITI MUTOHIROH', '2019-07-22 21:55:46', NULL, NULL),
	(96, '23354', 'SUHAYATI', '2019-07-22 21:55:46', NULL, NULL),
	(97, '20191123', 'IFANSYAH', '2019-07-22 21:55:46', '2019-07-22 18:54:32', NULL),
	(98, '23520', 'ARMAWATI', '2019-07-22 21:55:46', NULL, NULL),
	(99, '235219', 'IFANSYAH', '2019-07-22 21:55:46', '2019-07-22 18:55:02', NULL),
	(100, '23522', 'MADROI', '2019-07-22 21:55:46', NULL, NULL),
	(101, '23524', 'SINDI PATIKAH', '2019-07-22 21:55:47', NULL, NULL),
	(102, '23525', 'TOYIBI', '2019-07-22 21:55:47', NULL, NULL),
	(103, '23279', 'ADAM MOH HUSSEIN MILOSEVIC', '2019-07-22 21:55:47', NULL, NULL),
	(104, '23284', 'EUIS KOMARIAH', '2019-07-22 21:55:47', NULL, NULL),
	(105, '23287', 'NANIH', '2019-07-22 21:55:47', NULL, NULL),
	(106, '23288', 'NURHAYANI', '2019-07-22 21:55:47', NULL, NULL),
	(107, '23435', 'SAMSUL AZIZ', '2019-07-22 21:55:47', NULL, NULL),
	(108, '23431', 'PANJI ANWAR SANUSI', '2019-07-22 21:55:47', NULL, NULL),
	(109, '23358', 'AGUS SARYANTO', '2019-07-22 21:55:47', NULL, NULL),
	(110, '23359', 'AMBIYATI', '2019-07-22 21:55:48', NULL, NULL),
	(111, '23360', 'ATHASYA RATNASARI', '2019-07-22 21:55:48', NULL, NULL),
	(112, '23361', 'DICKY APRIAN SUMARNA', '2019-07-22 21:55:48', NULL, NULL),
	(113, '23362', 'KEVIN VIRDIANSYAH', '2019-07-22 21:55:48', NULL, NULL),
	(114, '23363', 'MAIMUNAH', '2019-07-22 21:55:48', NULL, NULL),
	(115, '23364', 'MARHAYATI', '2019-07-22 21:55:48', NULL, NULL),
	(116, '23365', 'MARYATI', '2019-07-22 21:55:48', NULL, NULL),
	(117, '23366', 'NURHAYATI', '2019-07-22 21:55:48', NULL, NULL),
	(118, '23368', 'SUEBAH', '2019-07-22 21:55:48', NULL, NULL),
	(119, '23369', 'SURATIN', '2019-07-22 21:55:48', NULL, NULL),
	(120, '0', 'NIARTI', '2019-07-22 21:55:49', NULL, NULL),
	(121, '23526', 'MISNAWATI', '2019-07-22 21:55:49', NULL, NULL),
	(122, '23527', 'MUNTASIR', '2019-07-22 21:55:49', NULL, NULL),
	(123, '23528', 'NIARTI', '2019-07-22 21:55:49', NULL, NULL),
	(124, '23530', 'ROJI', '2019-07-22 21:55:49', NULL, NULL),
	(125, '23531', 'SITI SYAMSIYAH', '2019-07-22 21:55:49', NULL, NULL),
	(126, '23289', 'MAULANA SIDIK', '2019-07-22 21:55:49', NULL, NULL),
	(127, '23290', 'MUHAMMAD NURMUHAYA', '2019-07-22 21:55:49', NULL, NULL),
	(128, '23292', 'SAMSUL BAHRI', '2019-07-22 21:55:49', NULL, NULL),
	(129, '23293', 'SOBRI', '2019-07-22 21:55:49', NULL, NULL),
	(130, '23295', 'SUTRIYAH', '2019-07-22 21:55:50', NULL, NULL),
	(131, '23433', 'PRIATNO', '2019-07-22 21:55:50', NULL, NULL),
	(132, '23425', 'MUHAMAD SAEPUL APLAH', '2019-07-22 21:55:50', NULL, NULL),
	(133, '23370', 'ANTI AGUSNIAWATI', '2019-07-22 21:55:50', NULL, NULL),
	(134, '23371', 'HERLINA', '2019-07-22 21:55:50', NULL, NULL),
	(135, '23372', 'HERNIAWATI', '2019-07-22 21:55:50', NULL, NULL),
	(136, '23373', 'JASIR IJLAL SHABRI', '2019-07-22 21:55:50', NULL, NULL),
	(137, '23374', 'SANDRA WATI', '2019-07-22 21:55:50', NULL, NULL),
	(138, '23375', 'SAYYID FADHIL', '2019-07-22 21:55:51', NULL, NULL),
	(139, '23377', 'SRI RETNO SUCIYANTI', '2019-07-22 21:55:51', NULL, NULL),
	(140, '23379', 'WIDODO LESTARI', '2019-07-22 21:55:51', NULL, NULL),
	(141, '0', 'MELI MARLINA', '2019-07-22 21:55:51', NULL, NULL),
	(142, '23533', 'ANGGA MUNANDAR', '2019-07-22 21:55:51', NULL, NULL),
	(143, '23534', 'JAFAR SODIK', '2019-07-22 21:55:51', NULL, NULL),
	(144, '23296', 'ABDUL KARIM', '2019-07-22 21:55:51', NULL, NULL),
	(145, '23298', 'MELI MARLINA', '2019-07-22 21:55:51', NULL, NULL),
	(146, '23299', 'ROSIDATUN SADIAH', '2019-07-22 21:55:52', NULL, NULL),
	(147, '23300', 'SITI MARIYAH', '2019-07-22 21:55:52', NULL, NULL),
	(148, '23301', 'SUKATI', '2019-07-22 21:55:52', NULL, NULL),
	(149, '23401', 'ABDUL KARIM', '2019-07-22 21:55:52', NULL, NULL),
	(150, '23417', 'GIA FAUZAN', '2019-07-22 21:55:52', NULL, NULL),
	(151, '23327', 'HARIS MUNANDAR', '2019-07-22 21:55:52', NULL, NULL),
	(152, '23380', 'HERI YANTO', '2019-07-22 21:55:52', NULL, NULL),
	(153, '23384', 'SEPTIANA BUNTASA NINGSIH', '2019-07-22 21:55:53', NULL, NULL),
	(154, '23385', 'SITI NURLELAH', '2019-07-22 21:55:53', NULL, NULL),
	(155, '23386', 'SRI KUSRINI', '2019-07-22 21:55:53', NULL, NULL),
	(156, '23387', 'SUHARNI', '2019-07-22 21:55:53', NULL, NULL),
	(157, '23388', 'TITIN NURLAELA', '2019-07-22 21:55:53', NULL, NULL),
	(158, '0', 'ROHIMAH', '2019-07-22 21:55:53', NULL, NULL),
	(159, '23536', 'RINA KOMALASARI', '2019-07-22 21:55:53', NULL, NULL),
	(160, '23537', 'SARJIEM', '2019-07-22 21:55:53', NULL, NULL),
	(161, '23538', 'SUHERMAN', '2019-07-22 21:55:53', NULL, NULL),
	(162, '23539', 'SUNARSIH', '2019-07-22 21:55:54', NULL, NULL),
	(163, '23303', 'ROHIMAH', '2019-07-22 21:55:54', NULL, NULL),
	(164, '23304', 'TATI TARYATI', '2019-07-22 21:55:54', NULL, NULL),
	(165, '23305', 'TRI ANITA', '2019-07-22 21:55:54', NULL, NULL),
	(166, '23409', 'DESI GUSTIANA', '2019-07-22 21:55:54', NULL, NULL),
	(167, '23421', 'LIA SETIANIKA LESTARI', '2019-07-22 21:55:54', NULL, NULL),
	(168, '23320', 'AMANAH', '2019-07-22 21:55:54', NULL, NULL),
	(169, '23391', 'ARI DEDE SAPUTRA', '2019-07-22 21:55:54', NULL, NULL),
	(170, '23393', 'DEPI SRI KHOTIMAH', '2019-07-22 21:55:55', NULL, NULL),
	(171, '23331', 'LARA SITA', '2019-07-22 21:55:55', NULL, NULL),
	(172, '23398', 'SISKA SRI WAHYUNI', '2019-07-22 21:55:55', NULL, NULL),
	(173, '23399', 'VINA MULYANTI', '2019-07-22 21:55:55', NULL, NULL),
	(174, '23400', 'WIWIN WINDARI', '2019-07-22 21:55:55', NULL, NULL),
	(175, '0', 'SELVIA', '2019-07-22 21:55:55', NULL, NULL),
	(176, '23565', 'DESI MANDASARI', '2019-07-22 21:55:55', NULL, NULL),
	(177, '23566', 'JUNIARTI MUTIARA BR NAINGGOLAN', '2019-07-22 21:55:55', NULL, NULL),
	(178, '23567', 'MARSONAH', '2019-07-22 21:55:55', NULL, NULL),
	(179, '23568', 'PITRIAWATI', '2019-07-22 21:55:55', NULL, NULL),
	(180, '23569', 'RUMSANI', '2019-07-22 21:55:56', NULL, NULL),
	(181, '23570', 'SELVIA', '2019-07-22 21:55:56', NULL, NULL),
	(182, '23571', 'SITI AISYAH', '2019-07-22 21:55:56', NULL, NULL),
	(183, '23572', 'SITI PATIMAH', '2019-07-22 21:55:56', NULL, NULL),
	(184, '23576', 'AMIRUDDIN', '2019-07-22 21:55:56', NULL, NULL),
	(185, '23577', 'EFIYANAH', '2019-07-22 21:55:56', NULL, NULL),
	(186, '23578', 'ENI ROHIMI', '2019-07-22 21:55:56', NULL, NULL),
	(187, '23579', 'LESI ANDRIYANI', '2019-07-22 21:55:56', NULL, NULL),
	(188, '23582', 'PAIMAN', '2019-07-22 21:55:56', NULL, NULL),
	(189, '23583', 'RAFIKA RAFIENDI', '2019-07-22 21:55:57', NULL, NULL),
	(190, '23584', 'RESA RESTIAWATI', '2019-07-22 21:55:57', NULL, NULL),
	(191, '23586', 'SAHRIANA DIKA FIRDIANTY', '2019-07-22 21:55:57', NULL, NULL),
	(192, '23589', 'SITI NURDIANAH', '2019-07-22 21:55:57', NULL, NULL),
	(193, '23403', 'AEP ADIYATNA', '2019-07-22 21:55:57', NULL, NULL),
	(194, '23542', 'AGUS KURNIAWAN', '2019-07-22 21:55:57', NULL, NULL),
	(195, '23405', 'ANGGA KURNIA', '2019-07-22 21:55:57', NULL, NULL),
	(196, '23407', 'BARON', '2019-07-22 21:55:57', NULL, NULL),
	(197, '23411', 'DIMAS AGA SETYA PRATAMA', '2019-07-22 21:55:58', NULL, NULL),
	(198, '23414', 'FEPTA ONGKI LUKMANA', '2019-07-22 21:55:58', NULL, NULL),
	(199, '23418', 'HAFID HASAN', '2019-07-22 21:55:58', NULL, NULL),
	(200, '23550', 'HENDRO PRAYOGO', '2019-07-22 21:55:58', NULL, NULL),
	(201, '23422', 'M RIPKY ARISSANDI', '2019-07-22 21:55:58', NULL, NULL),
	(202, '23653', 'MUHAMAD ROHANTA', '2019-07-22 21:55:58', NULL, NULL),
	(203, '23427', 'MUHAMMAD PURWANTO', '2019-07-22 21:55:58', NULL, NULL),
	(204, '23439', 'SUMARSONO', '2019-07-22 21:55:58', NULL, NULL),
	(205, '23563', 'UJANG GUNAWAN', '2019-07-22 21:55:58', NULL, NULL),
	(206, '23598', 'EKA FITRI HARTATI', '2019-07-22 21:55:59', NULL, NULL),
	(207, '23599', 'MULYANA', '2019-07-22 21:55:59', NULL, NULL),
	(208, '23600', 'ANNA ASTIANAH', '2019-07-22 21:55:59', NULL, NULL),
	(209, '23601', 'DWI RAHAYU', '2019-07-22 21:55:59', NULL, NULL),
	(210, '23602', 'ENI NURHAYATI', '2019-07-22 21:55:59', NULL, NULL),
	(211, '23604', 'FITRIA', '2019-07-22 21:55:59', NULL, NULL),
	(212, '23605', 'IKA APRIYANI', '2019-07-22 21:55:59', NULL, NULL),
	(213, '23606', 'LENNY', '2019-07-22 21:55:59', NULL, NULL),
	(214, '23608', 'LILIS MARLINA', '2019-07-22 21:55:59', NULL, NULL),
	(215, '23609', 'MARYANI', '2019-07-22 21:56:00', NULL, NULL),
	(216, '23610', 'MIKA HARYANTI', '2019-07-22 21:56:00', NULL, NULL),
	(217, '23612', 'RATU ANITA FIRDAUS', '2019-07-22 21:56:00', NULL, NULL),
	(218, '23613', 'RISMIATI', '2019-07-22 21:56:00', NULL, NULL),
	(219, '23614', 'RUKIYAH', '2019-07-22 21:56:00', NULL, NULL),
	(220, '23615', 'SITI ALPIAH', '2019-07-22 21:56:00', NULL, NULL),
	(221, '23616', 'SITI AWISAH', '2019-07-22 21:56:00', NULL, NULL),
	(222, '23617', 'SITI SOLEHAH', '2019-07-22 21:56:00', NULL, NULL),
	(223, '23619', 'SUGIYANTI', '2019-07-22 21:56:01', NULL, NULL),
	(224, '23620', 'SUKATMININGSIH', '2019-07-22 21:56:01', NULL, NULL),
	(225, '23621', 'SULASTRI', '2019-07-22 21:56:01', NULL, NULL),
	(226, '23622', 'SUMYATI', '2019-07-22 21:56:01', NULL, NULL),
	(227, '23626', 'AHMAD YANI', '2019-07-22 21:56:01', NULL, NULL),
	(228, '23628', 'JAMIAH', '2019-07-22 21:56:01', NULL, NULL),
	(229, '23629', 'KUSUMA WARDANI CAHYO UTAMI', '2019-07-22 21:56:01', NULL, NULL),
	(230, '23630', 'SUPARJO', '2019-07-22 21:56:01', NULL, NULL),
	(231, '23631', 'YAYAN GUNAWAN', '2019-07-22 21:56:02', NULL, NULL),
	(232, '23632', 'ALHADI', '2019-07-22 21:56:02', NULL, NULL),
	(233, '23633', 'LIA ANDRIYANI', '2019-07-22 21:56:02', NULL, NULL),
	(234, '23634', 'MARIANI', '2019-07-22 21:56:02', NULL, NULL),
	(235, '23635', 'MUHAMMAD AGUS BUDIYANSAH', '2019-07-22 21:56:02', NULL, NULL),
	(236, '23636', 'NANI SUMARNI', '2019-07-22 21:56:02', NULL, NULL),
	(237, '23637', 'UNARIYAH', '2019-07-22 21:56:02', NULL, NULL),
	(238, '23638', 'WILA PERMATA SARI', '2019-07-22 21:56:02', NULL, NULL),
	(239, '23639', 'DICKY SETIAWAN', '2019-07-22 21:56:02', NULL, NULL),
	(240, '23640', 'NASIHUL ULUM', '2019-07-22 21:56:02', NULL, NULL),
	(241, '23641', 'NURUL HOTIMAH', '2019-07-22 21:56:03', NULL, NULL),
	(242, '23642', 'SALA FEBRI NUR ILHAM', '2019-07-22 21:56:03', NULL, NULL),
	(243, '23644', 'AGUNG USMANI', '2019-07-22 21:56:03', NULL, NULL),
	(244, '23645', 'EVA SARI', '2019-07-22 21:56:03', NULL, NULL),
	(245, '23646', 'HERI ISKANDAR', '2019-07-22 21:56:03', NULL, NULL),
	(246, '23647', 'HODIJAH', '2019-07-22 21:56:03', NULL, NULL),
	(247, '23648', 'RICO PRADANA ROSADY', '2019-07-22 21:56:03', NULL, NULL),
	(248, '23649', 'ROJANAH', '2019-07-22 21:56:03', NULL, NULL),
	(249, '0', 'TRI LESTARI', '2019-07-22 21:56:04', NULL, NULL),
	(250, '23544', 'ATI ROHAYATI', '2019-07-22 21:56:04', NULL, NULL),
	(251, '23545', 'AVRILIA', '2019-07-22 21:56:04', NULL, NULL),
	(252, '23546', 'DESI LESTARI', '2019-07-22 21:56:04', NULL, NULL),
	(253, '23549', 'FARIHATUN', '2019-07-22 21:56:04', NULL, NULL),
	(254, '23552', 'LASMI', '2019-07-22 21:56:04', NULL, NULL),
	(255, '23553', 'LENTINA SINAGA', '2019-07-22 21:56:04', NULL, NULL),
	(256, '23562', 'TRI LESTARI', '2019-07-22 21:56:04', NULL, NULL),
	(257, '23307', 'INTAN SUHAYANI', '2019-07-22 21:56:04', NULL, NULL),
	(258, '23419', 'IIN INSIAH', '2019-07-22 21:56:04', NULL, NULL),
	(259, '0', 'AHMAD JAENAL', '2019-07-22 21:56:05', NULL, NULL),
	(260, '0', 'DEWI', '2019-07-22 21:56:05', NULL, NULL),
	(261, '0', 'ELISABET LISNAWATI SIHITE', '2019-07-22 21:56:05', NULL, NULL),
	(262, '0', 'MARSIYAH', '2019-07-22 21:56:05', NULL, NULL),
	(263, '0', 'MUHAYAR HERDIANSYAH', '2019-07-22 21:56:05', NULL, NULL),
	(264, '0', 'MUTIANAH', '2019-07-22 21:56:05', NULL, NULL),
	(265, '0', 'NUR AIDA', '2019-07-22 21:56:05', NULL, NULL),
	(266, '0', 'SRI SULISTYAWATI', '2019-07-22 21:56:05', NULL, NULL),
	(267, '0', 'SUHETI', '2019-07-22 21:56:05', NULL, NULL),
	(268, '0', 'VIVI OKTAVIANA SULISTIAWATI', '2019-07-22 21:56:05', NULL, NULL),
	(269, '0', 'ADE GUNAWAN', '2019-07-22 21:56:05', NULL, NULL),
	(270, '0', 'AHMAD HERDIYANSAH', '2019-07-22 21:56:06', NULL, NULL),
	(271, '0', 'DESI KURNIAWATI', '2019-07-22 21:56:06', NULL, NULL),
	(272, '0', 'KAJI', '2019-07-22 21:56:06', NULL, NULL),
	(273, '0', 'ROBBY AHYAR', '2019-07-22 21:56:06', NULL, NULL),
	(274, '0', 'SURIPAH', '2019-07-22 21:56:06', NULL, NULL),
	(275, '0', 'APRILLIYA TAKBIRANI', '2019-07-22 21:56:06', NULL, NULL),
	(276, '0', 'EUIS MARLINA', '2019-07-22 21:56:06', NULL, NULL),
	(277, '0', 'MARIAH', '2019-07-22 21:56:06', NULL, NULL),
	(278, '0', 'MULYANAH', '2019-07-22 21:56:06', NULL, NULL),
	(279, '0', 'NURIL ELMI TRI ASMARA DEWI', '2019-07-22 21:56:07', NULL, NULL),
	(280, '0', 'RIANA', '2019-07-22 21:56:07', NULL, NULL),
	(281, '0', 'SITI AISAH', '2019-07-22 21:56:07', NULL, NULL),
	(282, '0', 'SITI YULI RUSMAYA SOLEHAT', '2019-07-22 21:56:07', NULL, NULL),
	(283, '0', 'SUSI SUSANTI', '2019-07-22 21:56:07', NULL, NULL),
	(284, '0', 'YULI YANI', '2019-07-22 21:56:07', NULL, NULL),
	(285, '0', 'ADAM MOH HUSSEIN MILOSEVIC', '2019-07-22 21:56:07', NULL, NULL),
	(286, '0', 'EUIS KOMARIAH', '2019-07-22 21:56:07', NULL, NULL),
	(287, '0', 'NURHAYANI', '2019-07-22 21:56:07', NULL, NULL),
	(288, '0', 'PIPIN NURPIANA', '2019-07-22 21:56:07', NULL, NULL),
	(289, '0', 'SAMSUL AZIZ', '2019-07-22 21:56:07', NULL, NULL),
	(290, '0', 'UMI SAMSIATUN', '2019-07-22 21:56:08', NULL, NULL),
	(291, '0', 'IIN INSIAH', '2019-07-22 21:56:08', NULL, NULL),
	(292, '0', 'MAULANA SIDIK', '2019-07-22 21:56:08', NULL, NULL),
	(293, '0', 'MUHAMMAD NURMUHAYA', '2019-07-22 21:56:08', NULL, NULL),
	(294, '0', 'PRIATNO', '2019-07-22 21:56:08', NULL, NULL),
	(295, '0', 'SAMSUL BAHRI', '2019-07-22 21:56:08', NULL, NULL),
	(296, '0', 'SOBRI', '2019-07-22 21:56:08', NULL, NULL),
	(297, '0', 'SUTRIYAH', '2019-07-22 21:56:08', NULL, NULL),
	(298, '0', 'ABDUL KARIM', '2019-07-22 21:56:09', NULL, NULL),
	(299, '0', 'EEN SAENI', '2019-07-22 21:56:09', NULL, NULL),
	(300, '0', 'ROSIDATUN SADIAH', '2019-07-22 21:56:09', NULL, NULL),
	(301, '0', 'SITI MARIYAH', '2019-07-22 21:56:09', NULL, NULL),
	(302, '0', 'SUKATI', '2019-07-22 21:56:09', NULL, NULL),
	(303, '0', 'DESI GUSTIANA', '2019-07-22 21:56:09', NULL, NULL),
	(304, '0', 'TATI TARYATI', '2019-07-22 21:56:09', NULL, NULL),
	(305, '0', 'TRI ANITA', '2019-07-22 21:56:09', NULL, NULL),
	(306, '0', 'AHMAD YANI', '2019-07-22 21:56:09', NULL, NULL),
	(307, '0', 'INTAN SUHAYANI', '2019-07-22 21:56:09', NULL, NULL),
	(308, '0', 'JAENUDIN', '2019-07-22 21:56:10', NULL, NULL),
	(309, '0', 'NURLAILA', '2019-07-22 21:56:10', NULL, NULL),
	(310, '0', 'RUSLI JULYADI', '2019-07-22 21:56:10', NULL, NULL),
	(311, '0', 'SISWIYANI', '2019-07-22 21:56:10', NULL, NULL),
	(312, '0', 'SITI KHODIJAH', '2019-07-22 21:56:10', NULL, NULL),
	(313, '0', 'SITI NURHAYATI', '2019-07-22 21:56:10', NULL, NULL),
	(314, '0', 'SITI ROBIYATUL ADAWIYAH', '2019-07-22 21:56:10', NULL, NULL),
	(315, '0', 'TURYANTI', '2019-07-22 21:56:10', NULL, NULL),
	(316, '0', 'ANDRIANSYAH', '2019-07-22 21:56:10', NULL, NULL),
	(317, '0', 'ENENG RIA NURPADILAH B.R.', '2019-07-22 21:56:10', NULL, NULL),
	(318, '0', 'EVA SOLIHATI', '2019-07-22 21:56:10', NULL, NULL),
	(319, '0', 'IIN ALFIANTI', '2019-07-22 21:56:11', NULL, NULL),
	(320, '0', 'MIMIN', '2019-07-22 21:56:11', NULL, NULL),
	(321, '0', 'MUTASIM BILAH', '2019-07-22 21:56:11', NULL, NULL),
	(322, '0', 'NUNIK HARYANTI', '2019-07-22 21:56:11', NULL, NULL),
	(323, '0', 'OKTAVIANA LEDIA PUTRI', '2019-07-22 21:56:11', NULL, NULL),
	(324, '0', 'USMINAH', '2019-07-22 21:56:11', NULL, NULL),
	(325, '0', 'AMANAH', '2019-07-22 21:56:11', NULL, NULL),
	(326, '0', 'ANDITA NOVITASARI', '2019-07-22 21:56:11', NULL, NULL),
	(327, '0', 'ANTON FELANI', '2019-07-22 21:56:11', NULL, NULL),
	(328, '0', 'DANI ARIFIN', '2019-07-22 21:56:11', NULL, NULL),
	(329, '0', 'DANI MURDANI', '2019-07-22 21:56:12', NULL, NULL),
	(330, '0', 'DIANA ARI SUSANTI', '2019-07-22 21:56:12', NULL, NULL),
	(331, '0', 'ELVI AENI', '2019-07-22 21:56:12', NULL, NULL),
	(332, '0', 'FERA PRATIWI', '2019-07-22 21:56:12', NULL, NULL),
	(333, '0', 'HARNI', '2019-07-22 21:56:12', NULL, NULL),
	(334, '0', 'KARSEM YUSNIAWATI', '2019-07-22 21:56:12', NULL, NULL),
	(335, '0', 'LARA SITA', '2019-07-22 21:56:12', NULL, NULL),
	(336, '0', 'LARASATI', '2019-07-22 21:56:12', NULL, NULL),
	(337, '0', 'LINA NURHAYATI', '2019-07-22 21:56:12', NULL, NULL),
	(338, '0', 'MEKI SUSANTI', '2019-07-22 21:56:12', NULL, NULL),
	(339, '0', 'MUHAMAD PAROJI', '2019-07-22 21:56:13', NULL, NULL),
	(340, '0', 'MURHASANAH', '2019-07-22 21:56:13', NULL, NULL),
	(341, '0', 'NENGSIH', '2019-07-22 21:56:13', NULL, NULL),
	(342, '0', 'NOVA MARINDA', '2019-07-22 21:56:13', NULL, NULL),
	(343, '0', 'OKTARIA APRIANTI', '2019-07-22 21:56:13', NULL, NULL),
	(344, '0', 'OLIVIA PRADITA YUNYATNA', '2019-07-22 21:56:13', NULL, NULL),
	(345, '0', 'REVI KARLINA', '2019-07-22 21:56:13', NULL, NULL),
	(346, '0', 'RISKA SAFITRI', '2019-07-22 21:56:13', NULL, NULL),
	(347, '0', 'ROHAYATI', '2019-07-22 21:56:13', NULL, NULL),
	(348, '0', 'ROSANTI APRILIYANTI', '2019-07-22 21:56:13', NULL, NULL),
	(349, '0', 'SARIHATI', '2019-07-22 21:56:14', NULL, NULL),
	(350, '0', 'SITI MUTOHIROH', '2019-07-22 21:56:14', NULL, NULL),
	(351, '0', 'SUHAYATI', '2019-07-22 21:56:14', NULL, NULL),
	(352, '0', 'TITIN SUGIARTI', '2019-07-22 21:56:14', NULL, NULL),
	(353, '0', 'ULIN NASTI', '2019-07-22 21:56:14', NULL, NULL),
	(354, '0', 'WINI', '2019-07-22 21:56:14', NULL, NULL),
	(355, '0', 'YUSRI', '2019-07-22 21:56:14', NULL, NULL),
	(356, '0', 'AMBIYATI', '2019-07-22 21:56:14', NULL, NULL),
	(357, '0', 'ATHASYA RATNASARI', '2019-07-22 21:56:14', NULL, NULL),
	(358, '0', 'DAVID WISNUARI RAMADHAN', '2019-07-22 21:56:14', NULL, NULL),
	(359, '0', 'DICKY APRIAN SUMARNA', '2019-07-22 21:56:15', NULL, NULL),
	(360, '0', 'KEVIN VIRDIANSYAH', '2019-07-22 21:56:15', NULL, NULL),
	(361, '0', 'MAIMUNAH', '2019-07-22 21:56:15', NULL, NULL),
	(362, '0', 'MARHAYATI', '2019-07-22 21:56:15', NULL, NULL),
	(363, '0', 'MARYATI', '2019-07-22 21:56:15', NULL, NULL),
	(364, '0', 'NURHAYATI', '2019-07-22 21:56:15', NULL, NULL),
	(365, '0', 'RUDI KRISBIYANTO', '2019-07-22 21:56:15', NULL, NULL),
	(366, '0', 'SITI FADHILLAH TURRAHMAN', '2019-07-22 21:56:15', NULL, NULL),
	(367, '0', 'SUEBAH', '2019-07-22 21:56:15', NULL, NULL),
	(368, '0', 'SURATIN', '2019-07-22 21:56:15', NULL, NULL),
	(369, '0', 'ANTI AGUSNIAWATI', '2019-07-22 21:56:15', NULL, NULL),
	(370, '0', 'HERLINA', '2019-07-22 21:56:16', NULL, NULL),
	(371, '0', 'HERNIAWATI', '2019-07-22 21:56:16', NULL, NULL),
	(372, '0', 'JASIR IJLAL SHABRI', '2019-07-22 21:56:16', NULL, NULL),
	(373, '0', 'PASKAH ADI SAHPUTRA SINAGA', '2019-07-22 21:56:16', NULL, NULL),
	(374, '0', 'SALMAN ALPARIJI', '2019-07-22 21:56:16', NULL, NULL),
	(375, '0', 'SANDRA WATI', '2019-07-22 21:56:16', NULL, NULL),
	(376, '0', 'WIDODO LESTARI', '2019-07-22 21:56:16', NULL, NULL),
	(377, '0', 'HERI YANTO', '2019-07-22 21:56:16', NULL, NULL),
	(378, '0', 'RUSMIYATI', '2019-07-22 21:56:16', NULL, NULL),
	(379, '0', 'SEPTIANA BUNTASA NINGSIH', '2019-07-22 21:56:17', NULL, NULL),
	(380, '0', 'SITI NURLELAH', '2019-07-22 21:56:17', NULL, NULL),
	(381, '0', 'SRI KUSRINI', '2019-07-22 21:56:17', NULL, NULL),
	(382, '0', 'SUHARNI', '2019-07-22 21:56:17', NULL, NULL),
	(383, '0', 'SUMIYATI', '2019-07-22 21:56:17', NULL, NULL),
	(384, '0', 'SURYADI', '2019-07-22 21:56:17', NULL, NULL),
	(385, '0', 'TITIN NURLAELA', '2019-07-22 21:56:17', NULL, NULL),
	(386, '0', 'DEPI SRI KHOTIMAH', '2019-07-22 21:56:17', NULL, NULL),
	(387, '0', 'DIDI CAHYADI', '2019-07-22 21:56:17', NULL, NULL),
	(388, '0', 'HAMIDUMMAJID', '2019-07-22 21:56:18', NULL, NULL),
	(389, '0', 'SAEPUL', '2019-07-22 21:56:18', NULL, NULL),
	(390, '0', 'WIWIN WINDARI', '2019-07-22 21:56:18', NULL, NULL),
	(391, '0', 'MARDIYAH', '2019-07-22 21:56:18', NULL, NULL),
	(392, '0', 'KAMARUDIN', '2019-07-22 21:56:18', NULL, NULL),
	(393, '0', 'MUHAMAD IQBAL', '2019-07-22 21:56:18', NULL, NULL),
	(394, '0', 'MUHAMMAD DIYAN', '2019-07-22 21:56:18', NULL, NULL),
	(395, '0', 'SA\'IN SAPUTRA', '2019-07-22 21:57:13', NULL, NULL),
	(396, '0', 'TATI MUFLIHAH', '2019-07-22 21:57:13', NULL, NULL),
	(397, '0', 'FITRIANTI', '2019-07-22 21:57:13', NULL, NULL),
	(398, '0', 'HUSEIN FADILLAH', '2019-07-22 21:57:13', NULL, NULL),
	(399, '0', 'INTAN AYU WULANDARI', '2019-07-22 21:57:13', NULL, NULL),
	(400, '0', 'MUHAMAD IKHSAN SATRIATAMA', '2019-07-22 21:57:13', NULL, NULL),
	(401, '0', 'PUROH', '2019-07-22 21:57:13', NULL, NULL),
	(402, '0', 'SURYA RAMADAN', '2019-07-22 21:57:14', NULL, NULL),
	(403, '0', 'WAWAN', '2019-07-22 21:57:14', NULL, NULL),
	(404, '0', 'AMELIA SUTINAH', '2019-07-22 21:57:14', NULL, NULL),
	(405, '0', 'AMI KURNIASARI', '2019-07-22 21:57:14', NULL, NULL),
	(406, '0', 'AVRILIA', '2019-07-22 21:57:14', NULL, NULL),
	(407, '0', 'DENI SAPUTRA', '2019-07-22 21:57:14', NULL, NULL),
	(408, '0', 'DESI LESTARI', '2019-07-22 21:57:14', NULL, NULL),
	(409, '0', 'DIKI ADIYANSAH', '2019-07-22 21:57:14', NULL, NULL),
	(410, '0', 'DINDA SAPTADININGRUM', '2019-07-22 21:57:14', NULL, NULL),
	(411, '0', 'HERNI', '2019-07-22 21:57:14', NULL, NULL),
	(412, '0', 'LASMI', '2019-07-22 21:57:15', NULL, NULL),
	(413, '0', 'SERLY MARLENA', '2019-07-22 21:57:15', NULL, NULL),
	(414, '0', 'SRI MURYANTI', '2019-07-22 21:57:15', NULL, NULL),
	(415, '0', 'UJANG GUNAWAN', '2019-07-22 21:57:15', NULL, NULL),
	(416, '0', 'WIWIK SULISTIYONINGSIH', '2019-07-22 21:57:15', NULL, NULL),
	(417, '0', 'YENI LESTARI', '2019-07-22 21:57:15', NULL, NULL),
	(418, '0', 'ADE WULANDARI', '2019-07-22 21:57:15', NULL, NULL),
	(419, '0', 'AFNA LISANIA', '2019-07-22 21:57:15', NULL, NULL),
	(420, '0', 'ATIKA', '2019-07-22 21:57:15', NULL, NULL),
	(421, '0', 'BASUDIN RENDI', '2019-07-22 21:57:15', NULL, NULL),
	(422, '0', 'D JAPARI', '2019-07-22 21:57:16', NULL, NULL),
	(423, '0', 'DEVI ARYANI', '2019-07-22 21:57:16', NULL, NULL),
	(424, '0', 'DEWI IRIYANTI', '2019-07-22 21:57:16', NULL, NULL),
	(425, '0', 'ELIYANTI', '2019-07-22 21:57:16', NULL, NULL),
	(426, '0', 'ELLY HARYANI', '2019-07-22 21:57:16', NULL, NULL),
	(427, '0', 'ENDANG TRI LESTARI ', '2019-07-22 21:57:16', NULL, NULL),
	(428, '0', 'EVA RIANA', '2019-07-22 21:57:16', NULL, NULL),
	(429, '0', 'FITRI FEBRIYANTI', '2019-07-22 21:57:16', NULL, NULL),
	(430, '0', 'FURSIAH', '2019-07-22 21:57:16', NULL, NULL),
	(431, '0', 'HABIB FRANDIO', '2019-07-22 21:57:16', NULL, NULL),
	(432, '0', 'INDRI YANI', '2019-07-22 21:57:16', NULL, NULL),
	(433, '0', 'KURNIAH', '2019-07-22 21:57:17', NULL, NULL),
	(434, '0', 'KUSTININGSIH', '2019-07-22 21:57:17', NULL, NULL),
	(435, '0', 'MOCH YACHSA', '2019-07-22 21:57:17', NULL, NULL),
	(436, '0', 'MOCHAMMAD RINDIYANTO', '2019-07-22 21:57:17', NULL, NULL),
	(437, '0', 'MUHAMAD DEDI', '2019-07-22 21:57:17', NULL, NULL),
	(438, '0', 'MUHAMMAD ALFIANSYAH', '2019-07-22 21:57:17', NULL, NULL),
	(439, '0', 'MUJIYANTI', '2019-07-22 21:57:17', NULL, NULL),
	(440, '0', 'NURLAELAH', '2019-07-22 21:57:17', NULL, NULL),
	(441, '0', 'PENI PUSPITA SARI', '2019-07-22 21:57:18', NULL, NULL),
	(442, '0', 'RIKI ANDRIANSYAH', '2019-07-22 21:57:18', NULL, NULL),
	(443, '0', 'RINALDI PRABOWO', '2019-07-22 21:57:18', NULL, NULL),
	(444, '0', 'ROHMAN', '2019-07-22 21:57:18', NULL, NULL),
	(445, '0', 'RULLY NOVANTINO SAPUTRA', '2019-07-22 21:57:18', NULL, NULL),
	(446, '0', 'SAEPULLOH', '2019-07-22 21:57:18', NULL, NULL),
	(447, '0', 'SINDI ELSERA', '2019-07-22 21:57:18', NULL, NULL),
	(448, '0', 'SITI MAESAROH', '2019-07-22 21:57:18', NULL, NULL),
	(449, '0', 'SITI ROHAMAH', '2019-07-22 21:57:19', NULL, NULL),
	(450, '0', 'SUTINI', '2019-07-22 21:57:19', NULL, NULL),
	(451, '0', 'TIMBUL RUDI NUGROHO', '2019-07-22 21:57:19', NULL, NULL),
	(452, '0', 'TUTI PURWATI', '2019-07-22 21:57:19', NULL, NULL),
	(453, '0', 'UMIATI', '2019-07-22 21:57:19', NULL, NULL),
	(454, '0', 'WAHYU KURNIAWAN', '2019-07-22 21:57:19', NULL, NULL),
	(455, '0', 'WATIK PARGIYATI', '2019-07-22 21:57:20', NULL, NULL),
	(456, '0', 'WORO NIKEN SARI', '2019-07-22 21:57:20', NULL, NULL),
	(457, '0', 'YUSA', '2019-07-22 21:57:20', NULL, NULL),
	(458, '0', 'ALVINA OCTAPIANA PRIYADI', '2019-07-22 21:57:20', NULL, NULL),
	(459, '0', 'ARMAWATI', '2019-07-22 21:57:20', NULL, NULL),
	(460, '0', 'IBNU SHOLIH', '2019-07-22 21:57:20', NULL, NULL),
	(461, '0', 'IVANA RAMADHANTY', '2019-07-22 21:57:21', NULL, NULL),
	(462, '0', 'MADROI', '2019-07-22 21:57:21', NULL, NULL),
	(463, '0', 'MISNATI', '2019-07-22 21:57:21', NULL, NULL),
	(464, '0', 'MUHAMAD RIFKI AKROM', '2019-07-22 21:57:21', NULL, NULL),
	(465, '0', 'ROHANA', '2019-07-22 21:57:21', NULL, NULL),
	(466, '0', 'SINDI PATIKAH', '2019-07-22 21:57:21', NULL, NULL),
	(467, '0', 'SITI NAENATUN HABIBAH', '2019-07-22 21:57:21', NULL, NULL),
	(468, '0', 'SRI HARTUTI', '2019-07-22 21:57:21', NULL, NULL),
	(469, '0', 'STEVHAN AGUSTIN', '2019-07-22 21:57:21', NULL, NULL),
	(470, '0', 'TOYIBI', '2019-07-22 21:57:21', NULL, NULL),
	(471, '0', 'BELA PRATIWI', '2019-07-22 21:57:22', NULL, NULL),
	(472, '0', 'DODI SUPRIYADI', '2019-07-22 21:57:22', NULL, NULL),
	(473, '0', 'EVA DWI PUSPITA', '2019-07-22 21:57:22', NULL, NULL),
	(474, '0', 'FERI ISMARWANTO', '2019-07-22 21:57:22', NULL, NULL),
	(475, '0', 'MISNAWATI', '2019-07-22 21:57:22', NULL, NULL),
	(476, '0', 'MOHAMAD BASRI', '2019-07-22 21:57:22', NULL, NULL),
	(477, '0', 'MULYA BAHRUDIN', '2019-07-22 21:57:22', NULL, NULL),
	(478, '0', 'MUNTASIR', '2019-07-22 21:57:22', NULL, NULL),
	(479, '0', 'NURYAMAN', '2019-07-22 21:57:22', NULL, NULL),
	(480, '0', 'PIRGO', '2019-07-22 21:57:22', NULL, NULL),
	(481, '0', 'ROJI', '2019-07-22 21:57:23', NULL, NULL),
	(482, '0', 'RUDIN', '2019-07-22 21:57:23', NULL, NULL),
	(483, '0', 'SAPUTRA WIJAYA NINGRAT', '2019-07-22 21:57:23', NULL, NULL),
	(484, '0', 'SASKIA WULANDARI', '2019-07-22 21:57:23', NULL, NULL),
	(485, '0', 'SHARUL WISNU WINANDA', '2019-07-22 21:57:23', NULL, NULL),
	(486, '0', 'SITI SYAMSIYAH', '2019-07-22 21:57:23', NULL, NULL),
	(487, '0', 'TIKA KUSUMAWATI', '2019-07-22 21:57:23', NULL, NULL),
	(488, '0', 'ALIF WIDIANTO', '2019-07-22 21:57:23', NULL, NULL),
	(489, '0', 'ANGGA MUNANDAR', '2019-07-22 21:57:23', NULL, NULL),
	(490, '0', 'EKO WAHYUDIN ARSETO ', '2019-07-22 21:57:23', NULL, NULL),
	(491, '0', 'FIRDA LISTIYANTI', '2019-07-22 21:57:24', NULL, NULL),
	(492, '0', 'JAFAR SODIK', '2019-07-22 21:57:24', NULL, NULL),
	(493, '0', 'PUPUT NOFITASARI', '2019-07-22 21:57:24', NULL, NULL),
	(494, '0', 'SADIYAH', '2019-07-22 21:57:24', NULL, NULL),
	(495, '0', 'SITI NURHASANAH', '2019-07-22 21:57:24', NULL, NULL),
	(496, '0', 'DANI MARKA FAHREFO', '2019-07-22 21:57:24', NULL, NULL),
	(497, '0', 'ELAN SAPUTRA', '2019-07-22 21:57:24', NULL, NULL),
	(498, '0', 'FEBRI ANA SAFITRI', '2019-07-22 21:57:24', NULL, NULL),
	(499, '0', 'RINA KOMALASARI', '2019-07-22 21:57:24', NULL, NULL),
	(500, '0', 'SARJIEM', '2019-07-22 21:57:24', NULL, NULL),
	(501, '0', 'SHERLY MARIANTI', '2019-07-22 21:57:24', NULL, NULL),
	(502, '0', 'SUHERMAN', '2019-07-22 21:57:25', NULL, NULL),
	(503, '0', 'SUNARSIH', '2019-07-22 21:57:25', NULL, NULL),
	(504, '0', 'ADE YEYET', '2019-07-22 21:57:25', NULL, NULL),
	(505, '0', 'ANISA FEBRIYANTI', '2019-07-22 21:57:25', NULL, NULL),
	(506, '0', 'HAPIDIN', '2019-07-22 21:57:25', NULL, NULL),
	(507, '0', 'HERI UJUN', '2019-07-22 21:57:25', NULL, NULL),
	(508, '0', 'MEIGA FATMAWATI', '2019-07-22 21:57:25', NULL, NULL),
	(509, '0', 'MEITY EKA PRATIWI', '2019-07-22 21:57:25', NULL, NULL),
	(510, '0', 'RENATA KRISTIANTO', '2019-07-22 21:57:25', NULL, NULL),
	(511, '0', 'RINA CAHYANING LESTARI', '2019-07-22 21:57:25', NULL, NULL),
	(512, '0', 'ADITYA MAULANA', '2019-07-22 21:57:26', NULL, NULL),
	(513, '0', 'DWI ANDRIARIANTO', '2019-07-22 21:57:26', NULL, NULL),
	(514, '0', 'ROJALI', '2019-07-22 21:57:26', NULL, NULL),
	(515, '0', 'ROSIANA FEBTIARY', '2019-07-22 21:57:26', NULL, NULL),
	(516, '0', 'RUSTAM PAMBUDI', '2019-07-22 21:57:26', NULL, NULL),
	(517, '0', 'SAEFUL SYAHRUL', '2019-07-22 21:57:26', NULL, NULL),
	(518, '0', 'SANTIYAH', '2019-07-22 21:57:26', NULL, NULL),
	(519, '0', 'SATINI', '2019-07-22 21:57:26', NULL, NULL),
	(520, '0', 'SITI MARPUAH', '2019-07-22 21:57:27', NULL, NULL),
	(521, '0', 'SITI ROHAYATI', '2019-07-22 21:57:27', NULL, NULL),
	(522, '0', 'SITI ROHMAH', '2019-07-22 21:57:27', NULL, NULL),
	(523, '0', 'SITI SADIYAH', '2019-07-22 21:57:27', NULL, NULL),
	(524, '0', 'SONDANG BR LAGI TOBING', '2019-07-22 21:57:27', NULL, NULL),
	(525, '0', 'SYARIFUDIN', '2019-07-22 21:57:27', NULL, NULL),
	(526, '0', 'USWATUN HASANAH', '2019-07-22 21:57:27', NULL, NULL),
	(527, '0', 'YUDITH DYAH NAWANGASIH', '2019-07-22 21:57:27', NULL, NULL),
	(528, '0', 'ABDUL ROHMAN', '2019-07-22 21:57:27', NULL, NULL),
	(529, '0', 'ADI SETIAWAN', '2019-07-22 21:57:27', NULL, NULL),
	(530, '0', 'AGI SAMBUDI', '2019-07-22 21:57:27', NULL, NULL),
	(531, '0', 'AGUNG WAHYUDI', '2019-07-22 21:57:28', NULL, NULL),
	(532, '0', 'AZIAN', '2019-07-22 21:57:28', NULL, NULL),
	(533, '0', 'BAMBANG ARDRIANSAH', '2019-07-22 21:57:28', NULL, NULL),
	(534, '0', 'BEGGI ADEVIOSI', '2019-07-22 21:57:28', NULL, NULL),
	(535, '0', 'FITRIANSYAH', '2019-07-22 21:57:28', NULL, NULL),
	(536, '0', 'NAKIM', '2019-07-22 21:57:28', NULL, NULL),
	(537, '0', 'SITI AMINAH', '2019-07-22 21:57:28', NULL, NULL),
	(538, '0', 'ADE KURNIAWAN', '2019-07-22 21:57:28', NULL, NULL),
	(539, '0', 'AHMAD AFANDI', '2019-07-22 21:57:28', NULL, NULL),
	(540, '0', 'DAWUT GUNTUR PRABOWO', '2019-07-22 21:57:28', NULL, NULL),
	(541, '0', 'DERA INDRA GUNAWAN', '2019-07-22 21:57:28', NULL, NULL),
	(542, '0', 'DEWI KARTINA SARI', '2019-07-22 21:57:28', NULL, NULL),
	(543, '0', 'ERDI ANGGA ', '2019-07-22 21:57:29', NULL, NULL),
	(544, '0', 'GUSTI TANRANG NURIKA', '2019-07-22 21:57:29', NULL, NULL),
	(545, '0', 'HARYUDI', '2019-07-22 21:57:29', NULL, NULL),
	(546, '0', 'INDRA LESMANA', '2019-07-22 21:57:29', NULL, NULL),
	(547, '0', 'INDRI APRI YANI ', '2019-07-22 21:57:29', NULL, NULL),
	(548, '0', 'LINDA WIDIANTI', '2019-07-22 21:57:29', NULL, NULL),
	(549, '0', 'MELA PERIANIS TUTI', '2019-07-22 21:57:29', NULL, NULL),
	(550, '0', 'MUHAMMAD YOAN AKMALLIYANA', '2019-07-22 21:57:29', NULL, NULL),
	(551, '0', 'MUSLIM', '2019-07-22 21:57:29', NULL, NULL),
	(552, '0', 'NUSRILIA', '2019-07-22 21:57:30', NULL, NULL),
	(553, '0', 'DEWI ASTUTI', '2019-07-22 21:57:30', NULL, NULL),
	(554, '0', 'IQBAL ASHABI MAJID', '2019-07-22 21:57:30', NULL, NULL),
	(555, '0', 'JUHARI', '2019-07-22 21:57:30', NULL, NULL),
	(556, '0', 'KANDA FERAWATI', '2019-07-22 21:57:30', NULL, NULL),
	(557, '0', 'M. ARIZAL', '2019-07-22 21:57:30', NULL, NULL),
	(558, '0', 'MIMIN SARI', '2019-07-22 21:57:30', NULL, NULL),
	(559, '0', 'MUHAMAD KOMARUDIN', '2019-07-22 21:57:30', NULL, NULL),
	(560, '0', 'ELI SUHAELI', '2019-07-22 21:57:30', NULL, NULL),
	(561, '0', 'INDAH DEWI ASTUTI', '2019-07-22 21:57:30', NULL, NULL),
	(562, '0', 'MASWIYAH', '2019-07-22 21:57:31', NULL, NULL),
	(563, '0', 'MUHAMAD NURKHOTIB', '2019-07-22 21:57:31', NULL, NULL),
	(564, '0', 'MUHAMAD SOPIYAN HIDAYAT', '2019-07-22 21:57:31', NULL, NULL),
	(565, '0', 'NANDA ADITAMA', '2019-07-22 21:57:31', NULL, NULL),
	(566, '0', 'NIKO SETIYONO', '2019-07-22 21:57:31', NULL, NULL),
	(567, '0', 'YAKUB', '2019-07-22 21:57:31', NULL, NULL),
	(568, '0', 'NURUL ROHIMAH', '2019-07-22 21:57:31', NULL, NULL),
	(569, '0', 'MUHAMAD RIDWAN', '2019-07-22 21:57:31', NULL, NULL),
	(570, '0', 'DESI MANDASARI', '2019-07-22 21:57:31', NULL, NULL),
	(571, '0', 'JUNIARTI MUTIARA BR NAINGGOLAN', '2019-07-22 21:57:31', NULL, NULL),
	(572, '0', 'MARSONAH', '2019-07-22 21:57:32', NULL, NULL),
	(573, '0', 'PITRIAWATI', '2019-07-22 21:57:32', NULL, NULL),
	(574, '0', 'RUMSANI', '2019-07-22 21:57:32', NULL, NULL),
	(575, '0', 'SITI AISYAH', '2019-07-22 21:57:32', NULL, NULL),
	(576, '0', 'SITI PATIMAH', '2019-07-22 21:57:32', NULL, NULL),
	(577, '0', 'AMIRUDDIN', '2019-07-22 21:57:32', NULL, NULL),
	(578, '0', 'EFIYANAH', '2019-07-22 21:57:32', NULL, NULL),
	(579, '0', 'INDRI DUWI LESTARI', '2019-07-22 21:57:32', NULL, NULL),
	(580, '0', 'KUSMOWATI', '2019-07-22 21:57:32', NULL, NULL),
	(581, '0', 'LESI ANDRIYANI', '2019-07-22 21:57:32', NULL, NULL),
	(582, '0', 'NURFITRIYANAH', '2019-07-22 21:57:33', NULL, NULL),
	(583, '0', 'PAIMAN', '2019-07-22 21:57:33', NULL, NULL),
	(584, '0', 'RAFIKA RAFIENDI', '2019-07-22 21:57:33', NULL, NULL),
	(585, '0', 'RESA RESTIAWATI', '2019-07-22 21:57:33', NULL, NULL),
	(586, '0', 'SAHRIANA DIKA FIRDIANTY', '2019-07-22 21:57:33', NULL, NULL),
	(587, '0', 'SITI NURDIANAH', '2019-07-22 21:57:33', NULL, NULL),
	(588, '0', 'HAFID HASAN', '2019-07-22 21:57:33', NULL, NULL),
	(589, '0', 'SUMARSONO', '2019-07-22 21:57:34', NULL, NULL),
	(590, '0', 'EKA FITRI HARTATI', '2019-07-22 21:57:34', NULL, NULL),
	(591, '0', 'MULYANA', '2019-07-22 21:57:34', NULL, NULL),
	(592, '0', 'ANNA ASTIANAH', '2019-07-22 21:57:34', NULL, NULL),
	(593, '0', 'ASEP SUBARNA', '2019-07-22 21:57:34', NULL, NULL),
	(594, '0', 'DWI RAHAYU', '2019-07-22 21:57:34', NULL, NULL),
	(595, '0', 'ENI NURHAYATI', '2019-07-22 21:57:34', NULL, NULL),
	(596, '0', 'FATHUL ROHMAN', '2019-07-22 21:57:34', NULL, NULL),
	(597, '0', 'FENI APRIYANDI', '2019-07-22 21:57:34', NULL, NULL),
	(598, '0', 'FITRIA', '2019-07-22 21:57:34', NULL, NULL),
	(599, '0', 'IKA APRIYANI', '2019-07-22 21:57:35', NULL, NULL),
	(600, '0', 'LENNY', '2019-07-22 21:57:35', NULL, NULL),
	(601, '0', 'LILIS MARLINA', '2019-07-22 21:57:35', NULL, NULL),
	(602, '0', 'MARYANI', '2019-07-22 21:57:35', NULL, NULL),
	(603, '0', 'MIKA HARYANTI', '2019-07-22 21:57:35', NULL, NULL),
	(604, '0', 'RATU ANITA FIRDAUS', '2019-07-22 21:57:35', NULL, NULL),
	(605, '0', 'RISMIATI', '2019-07-22 21:57:35', NULL, NULL),
	(606, '0', 'RUKIYAH', '2019-07-22 21:57:35', NULL, NULL),
	(607, '0', 'RYAN ANJASMARA', '2019-07-22 21:57:35', NULL, NULL),
	(608, '0', 'SISKA MARDIANI', '2019-07-22 21:57:36', NULL, NULL),
	(609, '0', 'SITI ALPIAH', '2019-07-22 21:57:36', NULL, NULL),
	(610, '0', 'SITI AWISAH', '2019-07-22 21:57:36', NULL, NULL),
	(611, '0', 'SITI KOMARIAH', '2019-07-22 21:57:36', NULL, NULL),
	(612, '0', 'SITI SOLEHAH', '2019-07-22 21:57:36', NULL, NULL),
	(613, '0', 'SRI MEGAWATI', '2019-07-22 21:57:36', NULL, NULL),
	(614, '0', 'SUCI ANDIYANI', '2019-07-22 21:57:36', NULL, NULL),
	(615, '0', 'SUGIYANTI', '2019-07-22 21:57:36', NULL, NULL),
	(616, '0', 'SUHAEMI', '2019-07-22 21:57:36', NULL, NULL),
	(617, '0', 'SUKATMININGSIH', '2019-07-22 21:57:37', NULL, NULL),
	(618, '0', 'SULASTRI', '2019-07-22 21:57:37', NULL, NULL),
	(619, '0', 'SUMYATI', '2019-07-22 21:57:37', NULL, NULL),
	(620, '0', 'SYAIFUL BACHRI', '2019-07-22 21:57:37', NULL, NULL),
	(621, '0', 'TEGUH DWI UMBARA', '2019-07-22 21:57:37', NULL, NULL),
	(622, '0', 'VIKA FITRIANS', '2019-07-22 21:57:37', NULL, NULL),
	(623, '0', 'YUSMA KURNIATI', '2019-07-22 21:57:37', NULL, NULL),
	(624, '0', 'ZAENAL MUSTOFA', '2019-07-22 21:57:37', NULL, NULL),
	(625, '0', 'JAMIAH', '2019-07-22 21:57:38', NULL, NULL),
	(626, '0', 'KUSUMA WARDANI CAHYO UTAMI', '2019-07-22 21:57:38', NULL, NULL),
	(627, '0', 'SUPARJO', '2019-07-22 21:57:38', NULL, NULL),
	(628, '0', 'YAYAN GUNAWAN', '2019-07-22 21:57:38', NULL, NULL),
	(629, '0', 'ALHADI', '2019-07-22 21:57:38', NULL, NULL),
	(630, '0', 'IRFAN YUSTIAN', '2019-07-22 21:57:38', NULL, NULL),
	(631, '0', 'MARIANI', '2019-07-22 21:57:38', NULL, NULL),
	(632, '0', 'MUHAMMAD AGUS BUDIYANSAH', '2019-07-22 21:57:38', NULL, NULL),
	(633, '0', 'NANI SUMARNI', '2019-07-22 21:57:38', NULL, NULL),
	(634, '0', 'UNARIYAH', '2019-07-22 21:57:39', NULL, NULL),
	(635, '0', 'WILA PERMATA SARI', '2019-07-22 21:57:39', NULL, NULL),
	(636, '0', 'DICKY SETIAWAN', '2019-07-22 21:57:39', NULL, NULL),
	(637, '0', 'NASIHUL ULUM', '2019-07-22 21:57:39', NULL, NULL),
	(638, '0', 'NURUL HOTIMAH', '2019-07-22 21:57:39', NULL, NULL),
	(639, '0', 'SALA FEBRI NUR ILHAM', '2019-07-22 21:57:39', NULL, NULL),
	(640, '0', 'AGUNG USMANI', '2019-07-22 21:57:39', NULL, NULL),
	(641, '0', 'EVA SARI', '2019-07-22 21:57:39', NULL, NULL),
	(642, '0', 'HERI ISKANDAR', '2019-07-22 21:57:39', NULL, NULL),
	(643, '0', 'HODIJAH', '2019-07-22 21:57:40', NULL, NULL),
	(644, '0', 'RICO PRADANA ROSADY', '2019-07-22 21:57:40', NULL, NULL),
	(645, '0', 'ROJANAH', '2019-07-22 21:57:40', NULL, NULL),
	(646, '0', 'RINA APRIDA', '2019-07-22 21:57:40', NULL, NULL),
	(647, '0', 'SUSANTI', '2019-07-22 21:57:40', NULL, NULL),
	(648, '0', 'SYINTIA', '2019-07-22 21:57:40', NULL, NULL),
	(649, '0', 'RIANTI', '2019-07-22 21:57:40', NULL, NULL),
	(650, '0', 'DWI NOVIANA', '2019-07-22 21:57:40', NULL, NULL),
	(651, '0', 'EVIANA RINI ANITA', '2019-07-22 21:57:41', NULL, NULL),
	(652, '0', 'FRISCA AYU DITHIA', '2019-07-22 21:57:41', NULL, NULL),
	(653, '0', 'NIA KURNIASIH AGUSTIN', '2019-07-22 21:57:41', NULL, NULL),
	(654, '0', 'MIRA NURMALASARI', '2019-07-22 21:57:41', NULL, NULL),
	(655, '0', 'RIRIN ASTIKA', '2019-07-22 21:57:41', NULL, NULL),
	(656, '0', 'FINA MARLIANA', '2019-07-22 21:57:41', NULL, NULL),
	(657, '0', 'SAHRUL MUHAMMAD NUR', '2019-07-22 21:57:41', NULL, NULL),
	(658, '0', 'MAIH', '2019-07-22 21:57:41', NULL, NULL),
	(659, '0', 'MUHMAD JALALUDIN AL BUQINI', '2019-07-22 21:57:41', NULL, NULL),
	(660, '0', 'MUHAMAD SOBARI', '2019-07-22 21:57:42', NULL, NULL),
	(661, '0', 'BUSTOMI', '2019-07-22 21:57:42', NULL, NULL),
	(662, '0', 'AHMAD ROFEI', '2019-07-22 21:57:42', NULL, NULL),
	(663, '0', 'HAERUDIN', '2019-07-22 21:57:42', NULL, NULL),
	(664, '0', 'MEGA WATI', '2019-07-22 21:57:42', NULL, NULL),
	(665, '0', 'SITI AYU MARSELA', '2019-07-22 21:57:42', NULL, NULL),
	(666, '0', 'SUCI BARA MARTA', '2019-07-22 21:57:42', NULL, NULL),
	(667, '0', 'JUWITA LESTARI', '2019-07-22 21:57:42', NULL, NULL),
	(668, '0', 'ANANDA FEBRIYANTI', '2019-07-22 21:57:42', NULL, NULL),
	(669, '0', 'INDRIYANI', '2019-07-22 21:57:43', NULL, NULL),
	(670, '0', 'ARUM ESTI GEA', '2019-07-22 21:57:43', NULL, NULL),
	(671, '0', 'DEWI SINTA', '2019-07-22 21:57:43', NULL, NULL),
	(672, '0', 'IMRON PAHLEPI', '2019-07-22 21:57:43', NULL, NULL),
	(673, '0', 'NATASYA WULAN YUNIA PUTRI', '2019-07-22 21:57:43', NULL, NULL),
	(674, '0', 'INA DIAN OKTAVIANI', '2019-07-22 21:57:43', NULL, NULL),
	(675, '0', 'AHMAD RAFIUDIN', '2019-07-22 21:57:43', NULL, NULL),
	(676, '0', 'FIRMAN TAUFIK', '2019-07-22 21:57:43', NULL, NULL),
	(677, '0', 'AMELINDA', '2019-07-22 21:57:43', NULL, NULL),
	(678, '0', 'NANI NUR AENI', '2019-07-22 21:57:43', NULL, NULL),
	(679, '0', 'MUGIANTO', '2019-07-22 21:57:43', NULL, NULL),
	(680, '0', 'NASIR BUDIANTO', '2019-07-22 21:57:44', NULL, NULL),
	(681, '0', 'RINI NUR INDAH SARI', '2019-07-22 21:57:44', NULL, NULL),
	(682, '0', 'Muhammad Azim', '2019-07-22 21:57:44', NULL, NULL),
	(683, '0', 'APRIYANDI LUCKY', '2019-07-22 21:57:44', NULL, NULL),
	(684, '0', 'FATIMAH', '2019-07-22 21:57:44', NULL, NULL),
	(685, '0', 'DEDI IRAWAN', '2019-07-22 21:57:44', NULL, NULL),
	(686, '0', 'AMINAH', '2019-07-22 21:57:44', NULL, NULL),
	(687, '0', 'ABDUL GOPUR', '2019-07-22 21:57:44', NULL, NULL),
	(688, '0', 'APRIA ROSITA', '2019-07-22 21:57:44', NULL, NULL),
	(689, '0', 'SEPTI NOPITASARI', '2019-07-22 21:57:44', NULL, NULL),
	(690, '0', 'ANDIKA MAHESA', '2019-07-22 21:57:44', NULL, NULL),
	(691, '0', 'DEWI KURNIAWATI', '2019-07-22 21:57:45', NULL, NULL),
	(692, '0', 'NANIH', '2019-07-22 21:57:45', NULL, NULL),
	(693, '0', 'DEWI FITRIANI', '2019-07-22 21:57:45', NULL, NULL),
	(694, '0', 'AGUS SAMSUDIN', '2019-07-22 21:57:45', NULL, NULL),
	(695, '0', 'SITI AMELIA FITRIAH', '2019-07-22 21:57:45', NULL, NULL),
	(696, '0', 'SYAHRULLAH', '2019-07-22 21:57:45', NULL, NULL),
	(697, '0', 'NURADI', '2019-07-22 21:57:45', NULL, NULL),
	(698, '0', 'FITRI YANI', '2019-07-22 21:57:45', NULL, NULL),
	(699, '0', 'TUTI FAUZIAH', '2019-07-22 21:57:45', NULL, NULL),
	(700, '0', 'DIKI PRASETYO', '2019-07-22 21:57:45', NULL, NULL),
	(701, '0', 'SITI NURUL FADDILAH', '2019-07-22 21:57:46', NULL, NULL),
	(702, '0', 'FATMAWATI', '2019-07-22 21:57:46', NULL, NULL),
	(703, '0', 'SRI HERLINA', '2019-07-22 21:57:46', NULL, NULL),
	(704, '0', 'DEWI SRI RAHAYU', '2019-07-22 21:57:46', NULL, NULL),
	(705, '0', 'DESI RATNASARI', '2019-07-22 21:57:46', NULL, NULL),
	(706, '0', 'FAUZI PRADANA', '2019-07-22 21:57:46', NULL, NULL),
	(707, '0', 'AISYAH RIANI PUTRI', '2019-07-22 21:57:46', NULL, NULL),
	(708, '0', 'SRI PUJIAWATI', '2019-07-22 21:57:46', NULL, NULL),
	(709, '0', 'AHMAD NURKHOLIS ATHAULLAH', '2019-07-22 21:57:46', NULL, NULL),
	(710, '0', 'ZENAL ABIDIN', '2019-07-22 21:57:47', NULL, NULL),
	(711, '0', 'AHMAD FAHRUROJI', '2019-07-22 21:57:47', NULL, NULL),
	(712, '0', 'DYAH NANIK ISWAHYUNI', '2019-07-22 21:57:47', NULL, NULL),
	(713, '0', 'SILVIA NANDA SARI ', '2019-07-22 21:57:47', NULL, NULL),
	(714, '0', 'MUHAMAD FAHD YUSUF', '2019-07-22 21:57:47', NULL, NULL),
	(715, '0', 'ALIS MURNIATI', '2019-07-22 21:57:47', NULL, NULL),
	(716, '0', 'JUNARIAH', '2019-07-22 21:57:47', NULL, NULL),
	(717, '0', 'FIORENTINA SAFITRI', '2019-07-22 21:57:47', NULL, NULL),
	(718, '0', 'SUMINAH', '2019-07-22 21:57:47', NULL, NULL),
	(719, '0', 'MUTIARA WS', '2019-07-22 21:57:48', NULL, NULL),
	(720, '0', 'AKMAD YASIN', '2019-07-22 21:57:48', NULL, NULL),
	(721, '0', 'ANDRI HARMAWAN', '2019-07-22 21:57:48', NULL, NULL),
	(722, '0', 'BAHIYAH', '2019-07-22 21:57:48', NULL, NULL),
	(723, '0', 'GYAN TRI WAHYU PRATAMA', '2019-07-22 21:57:48', NULL, NULL),
	(724, '0', 'RICKI SETYAWAN', '2019-07-22 21:57:48', NULL, NULL),
	(725, '0', 'SUMARNI', '2019-07-22 21:57:48', NULL, NULL),
	(726, '0', 'ROCHMAH DWI ANGGRAENI', '2019-07-22 21:57:48', NULL, NULL),
	(727, '0', 'TIKA SARTIKA', '2019-07-22 21:57:48', NULL, NULL),
	(728, '0', 'YUSUF ABDUL AZIS', '2019-07-22 21:57:48', NULL, NULL),
	(729, '0', 'INDAH FORTUNA', '2019-07-22 21:57:48', NULL, NULL),
	(730, '0', 'MUMUN MUNAWAROH', '2019-07-22 21:57:49', NULL, NULL),
	(731, '0', 'RIYAN HATAMI', '2019-07-22 21:57:49', NULL, NULL),
	(732, '0', 'SEPTI FITRIANI', '2019-07-22 21:57:49', NULL, NULL),
	(733, '0', 'SHANDIKA ADE PRASTYO', '2019-07-22 21:57:49', NULL, NULL),
	(734, '0', 'SOPIAN', '2019-07-22 21:57:49', NULL, NULL),
	(735, '0', 'AGUS SOPIYAN', '2019-07-22 21:57:49', NULL, NULL),
	(736, '0', 'BAGASWORO PATRIO', '2019-07-22 21:57:49', NULL, NULL),
	(737, '0', 'FIKRI NUR FIGARI', '2019-07-22 21:57:49', NULL, NULL),
	(738, '0', 'HAJAR NURMUSLIMAH', '2019-07-22 21:57:49', NULL, NULL),
	(739, '0', 'KENNEDY DISURYA', '2019-07-22 21:57:49', NULL, NULL),
	(740, '0', 'KUSWANTO', '2019-07-22 21:57:49', NULL, NULL),
	(741, '0', 'MUHAMAD ALDI', '2019-07-22 21:57:49', NULL, NULL),
	(742, '0', 'NIAR PUTRI YANTI', '2019-07-22 21:57:50', NULL, NULL),
	(743, '0', 'NURSAMAN', '2019-07-22 21:57:50', NULL, NULL),
	(744, '0', 'PATIHAH', '2019-07-22 21:57:50', NULL, NULL),
	(745, '0', 'MUHAMAD ANTON', '2019-07-22 21:57:50', NULL, NULL),
	(746, '0', 'APANDI', '2019-07-22 21:57:50', NULL, NULL),
	(747, '0', 'DEDE PIRMANSYAH ', '2019-07-22 21:57:50', NULL, NULL),
	(748, '0', 'DEDEK FERDIANSYAH', '2019-07-22 21:57:50', NULL, NULL),
	(749, '0', 'EFENDY TRIWIDIYANTO', '2019-07-22 21:57:50', NULL, NULL),
	(750, '0', 'MERRI MARETHA', '2019-07-22 21:57:50', NULL, NULL),
	(751, '0', 'MUHAMAD RIPKI SIHABUDIN', '2019-07-22 21:57:51', NULL, NULL),
	(752, '0', 'RIKI ASROBIN', '2019-07-22 21:57:51', NULL, NULL),
	(753, '0', 'SHINTA MELINDA', '2019-07-22 21:57:51', NULL, NULL),
	(754, '0', 'SITI HODIJAH', '2019-07-22 21:57:51', NULL, NULL),
	(755, '0', 'SULAIMAN', '2019-07-22 21:57:51', NULL, NULL),
	(756, '0', 'TRIYA FITA SARI', '2019-07-22 21:57:51', NULL, NULL),
	(757, '0', 'AGUS MARKUS HARIYADI', '2019-07-22 21:57:51', NULL, NULL),
	(758, '0', 'ANDI SRI WAHYUDI', '2019-07-22 21:57:51', NULL, NULL),
	(759, '0', 'ARDIANA', '2019-07-22 21:57:51', NULL, NULL),
	(760, '0', 'ARIS MAULAN', '2019-07-22 21:57:51', NULL, NULL),
	(761, '0', 'ARIYANTI', '2019-07-22 21:57:52', NULL, NULL),
	(762, '0', 'BAGAS DWI SAPUTRO', '2019-07-22 21:57:52', NULL, NULL),
	(763, '0', 'DWI ANDRE', '2019-07-22 21:57:52', NULL, NULL),
	(764, '0', 'EUIS KRISTINA', '2019-07-22 21:57:52', NULL, NULL),
	(765, '0', 'FARIZ JULIANSYAH', '2019-07-22 21:57:52', NULL, NULL),
	(766, '0', 'HERMANSYAH', '2019-07-22 21:57:52', NULL, NULL),
	(767, '0', 'ILHAM', '2019-07-22 21:57:52', NULL, NULL),
	(768, '0', 'ISDAYANTI', '2019-07-22 21:57:52', NULL, NULL),
	(769, '0', 'JIHAN RAHMAWATI', '2019-07-22 21:57:52', NULL, NULL),
	(770, '0', 'M IRFAN', '2019-07-22 21:57:52', NULL, NULL),
	(771, '0', 'M. INDRA WIJAYA', '2019-07-22 21:57:53', NULL, NULL),
	(772, '0', 'MAR YANI', '2019-07-22 21:57:53', NULL, NULL),
	(773, '0', 'NELI AGUSTIANI', '2019-07-22 21:57:53', NULL, NULL),
	(774, '0', 'NUR FITRIYANI', '2019-07-22 21:57:53', NULL, NULL),
	(775, '0', 'SITI ARTIKA NURHITJIAH', '2019-07-22 21:57:53', NULL, NULL),
	(776, '0', 'SITI NUR AZIZAH', '2019-07-22 21:57:53', NULL, NULL),
	(777, '0', 'SOLEHUDIN', '2019-07-22 21:57:53', NULL, NULL),
	(778, '0', 'TRISNO', '2019-07-22 21:57:53', NULL, NULL),
	(779, '0', 'AGUS MUHAMAD YUSUP', '2019-07-22 21:57:53', NULL, NULL),
	(780, '0', 'AZIS SAPUTRA', '2019-07-22 21:57:53', NULL, NULL),
	(781, '0', 'DEDI HARYANTO', '2019-07-22 21:57:53', NULL, NULL),
	(782, '0', 'HERUL FAJRI', '2019-07-22 21:57:54', NULL, NULL),
	(783, '0', 'MUHAMMAD IRFAN FAUJI', '2019-07-22 21:57:54', NULL, NULL),
	(784, '0', 'MUSDALIFAH', '2019-07-22 21:57:54', NULL, NULL),
	(785, '0', 'ZIAH AMALIA', '2019-07-22 21:57:54', NULL, NULL),
	(786, '0', 'EKO SUNARTO', '2019-07-22 21:57:54', NULL, NULL),
	(787, '0', 'HEDY SUGANDA', '2019-07-22 21:57:54', NULL, NULL),
	(788, '0', 'JAMILA', '2019-07-22 21:57:54', NULL, NULL),
	(789, '0', 'JUWANDI', '2019-07-22 21:57:54', NULL, NULL),
	(790, '0', 'NUR SANTIANI', '2019-07-22 21:57:54', NULL, NULL),
	(791, '0', 'ACENG DEDI SUPRIYADI', '2019-07-22 21:57:55', NULL, NULL),
	(792, '0', 'AGUS SURYANA', '2019-07-22 21:57:55', NULL, NULL),
	(793, '0', 'ANAH', '2019-07-22 21:57:55', NULL, NULL),
	(794, '0', 'ARISKA WULANDARI', '2019-07-22 21:57:55', NULL, NULL),
	(795, '0', 'CARUM ADI SAPUTRA', '2019-07-22 21:57:55', NULL, NULL),
	(796, '0', 'DAHLIA', '2019-07-22 21:57:55', NULL, NULL),
	(797, '0', 'DEDE YUSUF SAPUTRA AGUSTIANA', '2019-07-22 21:57:55', NULL, NULL),
	(798, '0', 'DHEA PUSPITA FRANSISCA', '2019-07-22 21:57:55', NULL, NULL),
	(799, '0', 'DIAN NUR OKTAFIANI ', '2019-07-22 21:57:55', NULL, NULL),
	(800, '0', 'DWI PUJI LESTARI', '2019-07-22 21:57:55', NULL, NULL),
	(801, '0', 'EDO', '2019-07-22 21:57:56', NULL, NULL),
	(802, '0', 'ESTI MULATSIH', '2019-07-22 21:57:56', NULL, NULL),
	(803, '0', 'FERI FAUDIN', '2019-07-22 21:57:56', NULL, NULL),
	(804, '0', 'HASRULLY', '2019-07-22 21:57:56', NULL, NULL),
	(805, '0', 'HENDRI SUPRIYADI', '2019-07-22 21:57:56', NULL, NULL),
	(806, '0', 'ICA SUSILAWATI', '2019-07-22 21:57:56', NULL, NULL),
	(807, '0', 'KARMILAH', '2019-07-22 21:57:56', NULL, NULL),
	(808, '0', 'MAULIA SYIFA ANGGREINIE', '2019-07-22 21:57:56', NULL, NULL),
	(809, '0', 'MUHAMAD RIZKI FAISAL AZIZI', '2019-07-22 21:57:57', NULL, NULL),
	(810, '0', 'MUZANI', '2019-07-22 21:57:57', NULL, NULL),
	(811, '0', 'NURUL ANISSA ', '2019-07-22 21:57:57', NULL, NULL),
	(812, '0', 'NURUL ANWAR', '2019-07-22 21:57:57', NULL, NULL),
	(813, '0', 'PUJI RIYANTO', '2019-07-22 21:57:57', NULL, NULL),
	(814, '0', 'RIKI SUDRAJAT', '2019-07-22 21:57:57', NULL, NULL),
	(815, '0', 'SANTI SOPIYANTI', '2019-07-22 21:57:57', NULL, NULL),
	(816, '0', 'SITI AMSIAH', '2019-07-22 21:57:57', NULL, NULL),
	(817, '0', 'SITI RASTUTI', '2019-07-22 21:57:57', NULL, NULL),
	(818, '0', 'SUHENDRIK', '2019-07-22 21:57:57', NULL, NULL),
	(819, '0', 'SUNAINI', '2019-07-22 21:57:58', NULL, NULL),
	(820, '0', 'TRI WAHYUNINGSIH', '2019-07-22 21:57:58', NULL, NULL),
	(821, '0', 'RASDI', '2019-07-22 21:57:58', NULL, NULL),
	(822, '0', 'SINTIYA VERONIKA SIADAURUK', '2019-07-22 21:57:58', NULL, NULL),
	(823, '0', 'KIKI LIANTI', '2019-07-22 21:57:58', NULL, NULL),
	(824, '0', 'NINA PUJA PRADINA', '2019-07-22 21:57:58', NULL, NULL),
	(825, '0', 'IIS DAHLIA', '2019-07-22 21:57:58', NULL, NULL),
	(826, '0', 'ANNISA LUTHFIAH', '2019-07-22 21:57:58', NULL, NULL),
	(827, '0', 'ERNAWATI', '2019-07-22 21:57:58', NULL, NULL),
	(828, '0', 'IRMAN', '2019-07-22 21:57:58', NULL, NULL),
	(829, '0', 'LOLA WIDIANINGSIH', '2019-07-22 21:57:59', NULL, NULL),
	(830, '0', 'MUHAMAD BUKHORI', '2019-07-22 21:57:59', NULL, NULL),
	(831, '0', 'NUR IMANIAH', '2019-07-22 21:57:59', NULL, NULL),
	(832, '0', 'RA\'AFI SUKMA MUHAMMAD', '2019-07-22 21:57:59', NULL, NULL),
	(833, '0', 'RATIH', '2019-07-22 21:57:59', NULL, NULL),
	(834, '0', 'RIZQY AGUSTIANI ', '2019-07-22 21:57:59', NULL, NULL),
	(835, '0', 'ROSSI AULIA MUFTI AGUSTINI', '2019-07-22 21:57:59', NULL, NULL),
	(836, '0', 'YULIANTI', '2019-07-22 21:57:59', NULL, NULL),
	(837, '0', 'AHMAD HOLID', '2019-07-22 21:57:59', NULL, NULL),
	(838, '0', 'AHMAD SAEFUL', '2019-07-22 21:57:59', NULL, NULL),
	(839, '0', 'AHMAD SUHERLI', '2019-07-22 21:57:59', NULL, NULL),
	(840, '0', 'AL MARUF', '2019-07-22 21:58:00', NULL, NULL),
	(841, '0', 'ALI PUDIN', '2019-07-22 21:58:00', NULL, NULL),
	(842, '0', 'ARIEF RAMADHAN', '2019-07-22 21:58:00', NULL, NULL),
	(843, '0', 'ARRYLIA GALUH RINDIANY', '2019-07-22 21:58:00', NULL, NULL),
	(844, '0', 'ASRUL KAHFI', '2019-07-22 21:58:00', NULL, NULL),
	(845, '0', 'DEWI ANITA SARI', '2019-07-22 21:58:00', NULL, NULL),
	(846, '0', 'DICKY IMAM MAULANA', '2019-07-22 21:58:00', NULL, NULL),
	(847, '0', 'HABIBI', '2019-07-22 21:58:00', NULL, NULL),
	(848, '0', 'IMMANUEL ZANDROTO', '2019-07-22 21:58:00', NULL, NULL),
	(849, '0', 'JAENAL', '2019-07-22 21:58:00', NULL, NULL),
	(850, '0', 'JUNEDI', '2019-07-22 21:58:01', NULL, NULL),
	(851, '0', 'KUAT AJI PANGESTU', '2019-07-22 21:58:01', NULL, NULL),
	(852, '0', 'M TAJUL HASAN', '2019-07-22 21:58:01', NULL, NULL),
	(853, '0', 'MASCHURIAH', '2019-07-22 21:58:01', NULL, NULL),
	(854, '0', 'MUHAMAD RIZKY', '2019-07-22 21:58:01', NULL, NULL),
	(855, '0', 'NAWA AL SYAHPUTRA', '2019-07-22 21:58:01', NULL, NULL),
	(856, '0', 'NURGIYANTO', '2019-07-22 21:58:01', NULL, NULL),
	(857, '0', 'ROMDONI', '2019-07-22 21:58:01', NULL, NULL),
	(858, '0', 'SALAMAH', '2019-07-22 21:58:01', NULL, NULL),
	(859, '0', 'SIGIT SETIAWAN', '2019-07-22 21:58:02', NULL, NULL),
	(860, '0', 'MUHAMAD MAHMUD', '2019-07-22 21:58:02', NULL, NULL),
	(861, '2019', 'AAB', '2019-07-22 17:55:49', '2019-07-22 19:00:34', '2019-07-22 19:00:34'),
	(862, '2019', 'AAA', '2019-07-22 19:00:48', '2019-07-22 19:01:04', '2019-07-22 19:01:04');
/*!40000 ALTER TABLE `employee` ENABLE KEYS */;


-- Dumping structure for table dbfurnilac.item
CREATE TABLE IF NOT EXISTS `item` (
  `item_code` varchar(6) NOT NULL,
  `item_name` varchar(60) DEFAULT NULL,
  `created_at` timestamp NULL DEFAULT NULL,
  `updated_at` timestamp NULL DEFAULT NULL,
  `deleted_at` timestamp NULL DEFAULT NULL,
  PRIMARY KEY (`item_code`)
);

-- Dumping data for table dbfurnilac.item: ~75 rows (approximately)
/*!40000 ALTER TABLE `item` DISABLE KEYS */;
REPLACE INTO `item` (`item_code`, `item_name`, `created_at`, `updated_at`, `deleted_at`) VALUES
	('AAF', NULL, '2019-07-22 22:48:28', NULL, NULL),
	('AGI', NULL, '2019-07-22 22:48:28', NULL, NULL),
	('AGJ', NULL, '2019-07-22 22:48:28', NULL, NULL),
	('AHC', NULL, '2019-07-22 22:48:28', NULL, NULL),
	('AHD', NULL, '2019-07-22 22:48:28', NULL, NULL),
	('AHJ', NULL, '2019-07-22 22:48:28', NULL, NULL),
	('AHL', NULL, '2019-07-22 22:48:28', NULL, NULL),
	('AHS', NULL, '2019-07-22 22:48:28', NULL, NULL),
	('AHT', NULL, '2019-07-22 22:48:28', NULL, NULL),
	('AHU', NULL, '2019-07-22 22:48:29', NULL, NULL),
	('AIR', NULL, '2019-07-22 22:48:29', NULL, NULL),
	('AJN', NULL, '2019-07-22 22:48:29', NULL, NULL),
	('AJP', NULL, '2019-07-22 22:48:29', NULL, NULL),
	('AJS', NULL, '2019-07-22 22:48:29', NULL, NULL),
	('BYC', NULL, '2019-07-22 22:48:29', NULL, NULL),
	('BYD', NULL, '2019-07-22 22:48:29', NULL, NULL),
	('BYE', NULL, '2019-07-22 22:48:29', NULL, NULL),
	('BYF', NULL, '2019-07-22 22:48:29', NULL, NULL),
	('CAK', NULL, '2019-07-22 22:48:30', NULL, NULL),
	('CAM', NULL, '2019-07-22 22:48:30', NULL, NULL),
	('CDA', NULL, '2019-07-22 22:48:30', NULL, NULL),
	('CDB', NULL, '2019-07-22 22:48:30', NULL, NULL),
	('CDC', NULL, '2019-07-22 22:48:30', NULL, NULL),
	('CDE', NULL, '2019-07-22 22:48:30', NULL, NULL),
	('CDG', NULL, '2019-07-22 22:48:30', NULL, NULL),
	('CDH', NULL, '2019-07-22 22:48:30', NULL, NULL),
	('CDI', NULL, '2019-07-22 22:48:30', NULL, NULL),
	('CDJ', NULL, '2019-07-22 22:48:30', NULL, NULL),
	('CDK', NULL, '2019-07-22 22:48:30', NULL, NULL),
	('CDL', NULL, '2019-07-22 22:48:31', NULL, NULL),
	('CDM', NULL, '2019-07-22 22:48:31', NULL, NULL),
	('CDN', NULL, '2019-07-22 22:48:31', NULL, NULL),
	('CDO', NULL, '2019-07-22 22:48:31', NULL, NULL),
	('CDP', NULL, '2019-07-22 22:48:31', NULL, NULL),
	('CDQ', NULL, '2019-07-22 22:48:31', NULL, NULL),
	('CDS', NULL, '2019-07-22 22:48:31', NULL, NULL),
	('CDZ', NULL, '2019-07-22 22:48:31', NULL, NULL),
	('DDS', NULL, '2019-07-22 22:48:31', NULL, NULL),
	('DDW', NULL, '2019-07-22 22:48:32', NULL, NULL),
	('HDB', NULL, '2019-07-22 22:48:32', NULL, NULL),
	('HDH', NULL, '2019-07-22 22:48:32', NULL, NULL),
	('HEZ', NULL, '2019-07-22 22:48:32', NULL, NULL),
	('HFD', NULL, '2019-07-22 22:48:32', NULL, NULL),
	('HFH', NULL, '2019-07-22 22:48:32', NULL, NULL),
	('HFI', NULL, '2019-07-22 22:48:32', NULL, NULL),
	('KKF', NULL, '2019-07-22 22:48:32', NULL, NULL),
	('KKT', NULL, '2019-07-22 22:48:32', NULL, NULL),
	('KKZ', NULL, '2019-07-22 22:48:32', NULL, NULL),
	('PNL', NULL, '2019-07-22 22:48:33', NULL, NULL),
	('TGG', NULL, '2019-07-22 22:48:33', NULL, NULL),
	('TGI', NULL, '2019-07-22 22:48:33', NULL, NULL),
	('UAC', NULL, '2019-07-22 22:48:33', NULL, NULL),
	('UAN', NULL, '2019-07-22 22:48:33', NULL, NULL),
	('UDA', NULL, '2019-07-22 22:48:33', NULL, NULL),
	('UDB', NULL, '2019-07-22 22:48:33', NULL, NULL),
	('UDC', NULL, '2019-07-22 22:48:34', NULL, NULL),
	('UDD', NULL, '2019-07-22 22:48:34', NULL, NULL),
	('UDE', NULL, '2019-07-22 22:48:34', NULL, NULL),
	('UDF', NULL, '2019-07-22 22:48:34', NULL, NULL),
	('UDG', NULL, '2019-07-22 22:48:34', NULL, NULL),
	('UDH', NULL, '2019-07-22 22:48:34', NULL, NULL),
	('UDI', NULL, '2019-07-22 22:48:34', NULL, NULL),
	('UDJ', NULL, '2019-07-22 22:48:34', NULL, NULL),
	('UDK', NULL, '2019-07-22 22:48:34', NULL, NULL),
	('UDL', NULL, '2019-07-22 22:48:34', NULL, NULL),
	('UDM', NULL, '2019-07-22 22:48:35', NULL, NULL),
	('UDN', NULL, '2019-07-22 22:48:35', NULL, NULL),
	('UDO', NULL, '2019-07-22 22:48:35', NULL, NULL),
	('UDP', NULL, '2019-07-22 22:48:35', NULL, NULL),
	('UDQ', NULL, '2019-07-22 22:48:35', NULL, NULL),
	('UDR', NULL, '2019-07-22 22:48:35', NULL, NULL),
	('UDS', NULL, '2019-07-22 22:48:35', NULL, NULL),
	('UDT', NULL, '2019-07-22 22:48:35', NULL, NULL),
	('UDY', NULL, '2019-07-22 22:48:35', NULL, NULL),
	('UDZ', NULL, '2019-07-22 22:48:35', NULL, NULL),
	('ZZZ', 'ZZZ', '2019-07-28 17:27:13', '2019-07-28 17:47:32', NULL);
/*!40000 ALTER TABLE `item` ENABLE KEYS */;


-- Dumping structure for table dbfurnilac.migrations
CREATE TABLE IF NOT EXISTS `migrations` (
  `id` int(10) unsigned NOT NULL AUTO_INCREMENT,
  `migration` varchar(255)  NOT NULL,
  `batch` int(11) NOT NULL,
  PRIMARY KEY (`id`)
);

-- Dumping data for table dbfurnilac.migrations: ~2 rows (approximately)
/*!40000 ALTER TABLE `migrations` DISABLE KEYS */;
REPLACE INTO `migrations` (`id`, `migration`, `batch`) VALUES
	(1, '2014_10_12_000000_create_users_table', 1),
	(2, '2014_10_12_100000_create_password_resets_table', 1);
/*!40000 ALTER TABLE `migrations` ENABLE KEYS */;


-- Dumping structure for table dbfurnilac.part
CREATE TABLE IF NOT EXISTS `part` (
  `item_code` varchar(6) NOT NULL,
  `part_number` varchar(15) NOT NULL,
  `part_name` varchar(60) DEFAULT NULL,
  `price` double DEFAULT NULL,
  `created_at` timestamp NULL DEFAULT NULL,
  `updated_at` timestamp NULL DEFAULT NULL,
  `deleted_at` timestamp NULL DEFAULT NULL,
  PRIMARY KEY (`part_number`)
);

-- Dumping data for table dbfurnilac.part: ~463 rows (approximately)
/*!40000 ALTER TABLE `part` DISABLE KEYS */;
REPLACE INTO `part` (`item_code`, `part_number`, `part_name`, `price`, `created_at`, `updated_at`, `deleted_at`) VALUES
	('AAF', 'AAF 3005', 'Box 3', 15530, '2019-07-22 23:17:09', NULL, NULL),
	('AAF', 'AAF 3014', 'Laci 4', 2080, '2019-07-22 23:17:09', NULL, NULL),
	('AAF', 'AAF 3103', 'Box 4', 1300, '2019-07-22 23:17:09', NULL, NULL),
	('AAF', 'AAF 3105', 'Laci 6', 330, '2019-07-22 23:17:09', NULL, NULL),
	('AAF', 'AAF 3109', 'Box 5', 170, '2019-07-22 23:17:09', NULL, NULL),
	('AGI', 'AGI 3104', 'Box 6', 3130, '2019-07-22 23:17:09', NULL, NULL),
	('AGI', 'AGI 3105', 'Laci 6', 440, '2019-07-22 23:17:09', NULL, NULL),
	('AGI', 'AGI 3106', 'Box 5', 20580, '2019-07-22 23:17:10', NULL, NULL),
	('AGI', 'AGI 3107', 'Laci 5', 1950, '2019-07-22 23:17:10', NULL, NULL),
	('AGI', 'AGI 3108', 'Box 7', 330, '2019-07-22 23:17:10', NULL, NULL),
	('AGJ', 'AGJ 3101', 'Box 6', 12880, '2019-07-22 23:17:10', NULL, NULL),
	('AGJ', 'AGJ 3102', 'Box 7', 2700, '2019-07-22 23:17:10', NULL, NULL),
	('AGJ', 'AGJ 3103', 'Kaki 15', 1080, '2019-07-22 23:17:10', NULL, NULL),
	('AGJ', 'AGJ 3104', 'Kaki 2', 440, '2019-07-22 23:17:10', NULL, NULL),
	('AGJ', 'AGJ 3105', 'Laci 6', 2400, '2019-07-22 23:17:10', NULL, NULL),
	('AGJ', 'AGJ 3106', 'Laci 7', 870, '2019-07-22 23:17:10', NULL, NULL),
	('AHC', 'AHC 3101', 'Top 2', 150, '2019-07-22 23:17:10', NULL, NULL),
	('AHC', 'AHC 3102', 'Box 6', 12950, '2019-07-22 23:17:10', NULL, NULL),
	('AHC', 'AHC 3103', 'Box 7', 1050, '2019-07-22 23:17:11', NULL, NULL),
	('AHC', 'AHC 3104', 'Ambalan 3', 2320, '2019-07-22 23:17:11', NULL, NULL),
	('AHC', 'AHC 3105', 'Ambalan 4', 440, '2019-07-22 23:17:11', NULL, NULL),
	('AHC', 'AHC 3106', 'Kaki 4', 220, '2019-07-22 23:17:11', NULL, NULL),
	('AHC', 'AHC 3107', 'Kaki 6', 5180, '2019-07-22 23:17:11', NULL, NULL),
	('AHC', 'AHC 3108', 'Kaki 7', 580, '2019-07-22 23:17:11', NULL, NULL),
	('AHC', 'AHC 3109', 'Laci 6', 2380, '2019-07-22 23:17:11', NULL, NULL),
	('AHC', 'AHC 3110', 'Laci 7', 450, '2019-07-22 23:17:11', NULL, NULL),
	('AHD', 'AHD 3005', 'Box 3', 15530, '2019-07-22 23:17:11', NULL, NULL),
	('AHD', 'AHD 3014', 'Laci 4', 2080, '2019-07-22 23:17:11', NULL, NULL),
	('AHD', 'AHD 3103', 'Box 4', 1300, '2019-07-22 23:17:12', NULL, NULL),
	('AHD', 'AHD 3105', 'Laci 6', 330, '2019-07-22 23:17:12', NULL, NULL),
	('AHD', 'AHD 3109', 'Box 5', 170, '2019-07-22 23:17:12', NULL, NULL),
	('AHJ', 'AHJ 3101', 'Box 6', 12880, '2019-07-22 23:17:12', NULL, NULL),
	('AHJ', 'AHJ 3102', 'Box 7', 2700, '2019-07-22 23:17:12', NULL, NULL),
	('AHJ', 'AHJ 3103', 'Kaki 15', 1080, '2019-07-22 23:17:12', NULL, NULL),
	('AHJ', 'AHJ 3104', 'Kaki 2', 440, '2019-07-22 23:17:12', NULL, NULL),
	('AHJ', 'AHJ 3105', 'Laci 6', 2400, '2019-07-22 23:17:12', NULL, NULL),
	('AHJ', 'AHJ 3106', 'Laci 7', 870, '2019-07-22 23:17:12', NULL, NULL),
	('AHL', 'AHL 3101', 'Box 6', 12880, '2019-07-22 23:17:12', NULL, NULL),
	('AHL', 'AHL 3102', 'Box 7', 2700, '2019-07-22 23:17:13', NULL, NULL),
	('AHL', 'AHL 3103', 'Kaki 15', 1080, '2019-07-22 23:17:13', NULL, NULL),
	('AHL', 'AHL 3104', 'Kaki 2', 440, '2019-07-22 23:17:13', NULL, NULL),
	('AHL', 'AHL 3105', 'Laci 6', 2400, '2019-07-22 23:17:13', NULL, NULL),
	('AHL', 'AHL 3106', 'Laci 7', 870, '2019-07-22 23:17:13', NULL, NULL),
	('AHS', 'AHS 3101', 'Top 2', 150, '2019-07-22 23:17:13', NULL, NULL),
	('AHS', 'AHS 3102', 'Box 6', 12950, '2019-07-22 23:17:13', NULL, NULL),
	('AHS', 'AHS 3103', 'Box 7', 1050, '2019-07-22 23:17:13', NULL, NULL),
	('AHS', 'AHS 3104', 'Ambalan 3', 2320, '2019-07-22 23:17:13', NULL, NULL),
	('AHS', 'AHS 3105', 'Ambalan 4', 440, '2019-07-22 23:17:13', NULL, NULL),
	('AHS', 'AHS 3106', 'Kaki 4', 220, '2019-07-22 23:17:13', NULL, NULL),
	('AHS', 'AHS 3107', 'Kaki 6', 5180, '2019-07-22 23:17:14', NULL, NULL),
	('AHS', 'AHS 3108', 'Kaki 7', 580, '2019-07-22 23:17:14', NULL, NULL),
	('AHS', 'AHS 3109', 'Laci 6', 2380, '2019-07-22 23:17:14', NULL, NULL),
	('AHS', 'AHS 3110', 'Laci 7', 450, '2019-07-22 23:17:14', NULL, NULL),
	('AHT', 'AHT 3104', 'Box 6', 3130, '2019-07-22 23:17:14', NULL, NULL),
	('AHT', 'AHT 3105', 'Laci 6', 440, '2019-07-22 23:17:14', NULL, NULL),
	('AHT', 'AHT 3106', 'Box 5', 20580, '2019-07-22 23:17:14', NULL, NULL),
	('AHT', 'AHT 3107', 'Laci 5', 1950, '2019-07-22 23:17:14', NULL, NULL),
	('AHT', 'AHT 3108', 'Box 7', 330, '2019-07-22 23:17:14', NULL, NULL),
	('AHU', 'AHU 3104', 'Box 6', 3130, '2019-07-22 23:17:14', NULL, NULL),
	('AHU', 'AHU 3105', 'Laci 6', 440, '2019-07-22 23:17:15', NULL, NULL),
	('AHU', 'AHU 3106', 'Box 5', 20580, '2019-07-22 23:17:15', NULL, NULL),
	('AHU', 'AHU 3107', 'Laci 5', 1950, '2019-07-22 23:17:15', NULL, NULL),
	('AHU', 'AHU 3108', 'Box 7', 330, '2019-07-22 23:17:15', NULL, NULL),
	('AIR', 'AIR 3008', 'Pintu 4', 10520, '2019-07-22 23:17:15', NULL, NULL),
	('AIR', 'AIR 3009', 'Kaki 5', 1320, '2019-07-22 23:17:15', NULL, NULL),
	('AIR', 'AIR 3010', 'Palangan 6', 330, '2019-07-22 23:17:15', NULL, NULL),
	('AIR', 'AIR 3017', 'Box 13', 37530, '2019-07-22 23:17:15', NULL, NULL),
	('AIR', 'AIR 3104', 'Box 14', 10860, '2019-07-22 23:17:15', NULL, NULL),
	('AIR', 'AIR 3105', 'Kaki 15', 440, '2019-07-22 23:17:15', NULL, NULL),
	('AIR', 'AIR 3106', 'Pintu 16', 410, '2019-07-22 23:17:15', NULL, NULL),
	('AIR', 'AIR 3107', 'Palangan 17', 440, '2019-07-22 23:17:16', NULL, NULL),
	('AJN', 'AJN 3014', 'Box 11', 24740, '2019-07-22 23:17:16', NULL, NULL),
	('AJN', 'AJN 3015', 'Box 12', 3240, '2019-07-22 23:17:16', NULL, NULL),
	('AJN', 'AJN 3016', 'Box 12', 260, '2019-07-22 23:17:16', NULL, NULL),
	('AJN', 'AJN 3020', 'Laci 5', 5960, '2019-07-22 23:17:16', NULL, NULL),
	('AJN', 'AJN 3105', 'Laci 6', 1380, '2019-07-22 23:17:16', NULL, NULL),
	('AJP', 'AJP 3101', 'Top 5', 220, '2019-07-22 23:17:16', NULL, NULL),
	('AJP', 'AJP 3102', 'Top 6', 220, '2019-07-22 23:17:16', NULL, NULL),
	('AJP', 'AJP 3103', 'Box 8', 20330, '2019-07-22 23:17:16', NULL, NULL),
	('AJP', 'AJP 3104', 'Box 9', 3240, '2019-07-22 23:17:16', NULL, NULL),
	('AJP', 'AJP 3105', 'Kaki 3', 1360, '2019-07-22 23:17:17', NULL, NULL),
	('AJP', 'AJP 3106', 'Kaki 4', 870, '2019-07-22 23:17:17', NULL, NULL),
	('AJP', 'AJP 3107', 'Palangan 1', 620, '2019-07-22 23:17:17', NULL, NULL),
	('AJP', 'AJP 3108', 'Palangan 2', 440, '2019-07-22 23:17:17', NULL, NULL),
	('AJP', 'AJP 3109', 'Laci 7', 7360, '2019-07-22 23:17:17', NULL, NULL),
	('AJP', 'AJP 3110', 'Laci 8', 440, '2019-07-22 23:17:17', NULL, NULL),
	('AJS', 'AJS 3104', 'Box 9', 28800, '2019-07-22 23:17:17', NULL, NULL),
	('AJS', 'AJS 3105', 'Laci 7', 6940, '2019-07-22 23:17:17', NULL, NULL),
	('AJS', 'AJS 3106', 'Kaki 2', 1070, '2019-07-22 23:17:17', NULL, NULL),
	('AJS', 'AJS 3107', 'Box 10', 3000, '2019-07-22 23:17:17', NULL, NULL),
	('AJS', 'AJS 3108', 'Laci 8', 870, '2019-07-22 23:17:17', NULL, NULL),
	('AJS', 'AJS 3109', 'Kaki 3', 440, '2019-07-22 23:17:18', NULL, NULL),
	('AJS', 'AJS 3110', 'Palangan', 440, '2019-07-22 23:17:18', NULL, NULL),
	('AJS', 'AJS 3111', 'Mur Nanas', 330, '2019-07-22 23:17:18', NULL, NULL),
	('BYC', 'BYC 3101', 'Top 7', 220, '2019-07-22 23:17:18', NULL, NULL),
	('BYC', 'BYC 3102', 'Box 3', 440, '2019-07-22 23:17:18', NULL, NULL),
	('BYC', 'BYC 3103', 'Box 6', 20490, '2019-07-22 23:17:18', NULL, NULL),
	('BYC', 'BYC 3104', 'Box 7', 2880, '2019-07-22 23:17:18', NULL, NULL),
	('BYC', 'BYC 3105', 'Laci 6', 2960, '2019-07-22 23:17:18', NULL, NULL),
	('BYC', 'BYC 3106', 'Laci 7', 650, '2019-07-22 23:17:18', NULL, NULL),
	('BYC', 'BYC 3107', 'Kaki 3', 2880, '2019-07-22 23:17:19', NULL, NULL),
	('BYC', 'BYC 3108', 'KakI4', 870, '2019-07-22 23:17:19', NULL, NULL),
	('BYD', 'BYD 3101', 'Top 7', 220, '2019-07-22 23:17:19', NULL, NULL),
	('BYD', 'BYD 3102', 'Box 3', 440, '2019-07-22 23:17:19', NULL, NULL),
	('BYD', 'BYD 3103', 'Box 6', 20490, '2019-07-22 23:17:19', NULL, NULL),
	('BYD', 'BYD 3104', 'Box 7', 2880, '2019-07-22 23:17:19', NULL, NULL),
	('BYD', 'BYD 3105', 'Laci 6', 2960, '2019-07-22 23:17:19', NULL, NULL),
	('BYD', 'BYD 3106', 'Laci 7', 650, '2019-07-22 23:17:19', NULL, NULL),
	('BYD', 'BYD 3107', 'Kaki 3', 2880, '2019-07-22 23:17:19', NULL, NULL),
	('BYD', 'BYD 3108', 'KakI4', 870, '2019-07-22 23:17:19', NULL, NULL),
	('BYE', 'BYE 3101', 'Top 3', 230, '2019-07-22 23:17:20', NULL, NULL),
	('BYE', 'BYE 3102', 'Box 2', 230, '2019-07-22 23:17:20', NULL, NULL),
	('BYE', 'BYE 3103', 'Box 5', 19720, '2019-07-22 23:17:20', NULL, NULL),
	('BYE', 'BYE 3104', 'Box 6', 4320, '2019-07-22 23:17:20', NULL, NULL),
	('BYE', 'BYE 3105', 'Kaki 2', 160, '2019-07-22 23:17:20', NULL, NULL),
	('BYE', 'BYE 3106', 'Kaki 5', 1670, '2019-07-22 23:17:20', NULL, NULL),
	('BYE', 'BYE 3107', 'Kaki 5', 870, '2019-07-22 23:17:20', NULL, NULL),
	('BYE', 'BYE 3108', 'Laci 5', 1920, '2019-07-22 23:17:20', NULL, NULL),
	('BYE', 'BYE 3109', 'Laci 6', 870, '2019-07-22 23:17:20', NULL, NULL),
	('BYF', 'BYF 3101', 'Top 3', 230, '2019-07-22 23:17:20', NULL, NULL),
	('BYF', 'BYF 3102', 'Box 2', 230, '2019-07-22 23:17:21', NULL, NULL),
	('BYF', 'BYF 3103', 'Box 5', 19720, '2019-07-22 23:17:21', NULL, NULL),
	('BYF', 'BYF 3104', 'Box 6', 4320, '2019-07-22 23:17:21', NULL, NULL),
	('BYF', 'BYF 3105', 'Kaki 2', 160, '2019-07-22 23:17:21', NULL, NULL),
	('BYF', 'BYF 3106', 'Kaki 5', 1670, '2019-07-22 23:17:21', NULL, NULL),
	('BYF', 'BYF 3107', 'Kaki 5', 870, '2019-07-22 23:17:21', NULL, NULL),
	('BYF', 'BYF 3108', 'Laci 5', 1920, '2019-07-22 23:17:21', NULL, NULL),
	('BYF', 'BYF 3109', 'Laci 6', 870, '2019-07-22 23:17:21', NULL, NULL),
	('CAK', 'CAK 3006', 'Box 2', 10360, '2019-07-22 23:17:21', NULL, NULL),
	('CAK', 'CAK 3010', 'Kaki 2', 4640, '2019-07-22 23:17:21', NULL, NULL),
	('CAK', 'CAK 3014', 'Laci 1', 1790, '2019-07-22 23:17:22', NULL, NULL),
	('CAK', 'CAK 3105', 'Box 3', 2700, '2019-07-22 23:17:22', NULL, NULL),
	('CAK', 'CAK 3107', 'Kaki 3', 1360, '2019-07-22 23:17:22', NULL, NULL),
	('CAK', 'CAK 3108', 'Laci 2', 310, '2019-07-22 23:17:22', NULL, NULL),
	('CAK', 'CAK 3109', 'Ambalan 1', 1000, '2019-07-22 23:17:22', NULL, NULL),
	('CAK', 'CAK 3110', 'Chemper Top', 300, '2019-07-22 23:17:22', NULL, NULL),
	('CAK', 'CAK 3111', 'Amplas Goyang Top', 650, '2019-07-22 23:17:22', NULL, NULL),
	('CAK', 'CAK 3112', 'Bor Top', 220, '2019-07-22 23:17:22', NULL, NULL),
	('CAK', 'CAK 3113', 'Nyemper ambalan', 300, '2019-07-22 23:17:22', NULL, NULL),
	('CAK', 'CAK 3114', 'Amplas Goyang Ambalan', 510, '2019-07-22 23:17:22', NULL, NULL),
	('CAK', 'CAK 3115', ' Bor Pnl Spg dlm', 220, '2019-07-22 23:17:22', NULL, NULL),
	('CAK', 'CAK 3116', ' Bor Pnl Spg kn/kr', 370, '2019-07-22 23:17:22', NULL, NULL),
	('CAK', 'CAK 3117', 'Ambalan 2', 2410, '2019-07-22 23:17:23', NULL, NULL),
	('CAK', 'CAK 3118', 'Bal Top', 330, '2019-07-22 23:17:23', NULL, NULL),
	('CAK', 'CAK 3119', 'Bal Ambalan', 330, '2019-07-22 23:17:23', NULL, NULL),
	('CAM', 'CAM 3006', 'Box 2', 10360, '2019-07-22 23:17:23', NULL, NULL),
	('CAM', 'CAM 3010', 'Kaki 2', 4640, '2019-07-22 23:17:23', NULL, NULL),
	('CAM', 'CAM 3014', 'Laci 1', 1790, '2019-07-22 23:17:23', NULL, NULL),
	('CAM', 'CAM 3105', 'Box 3', 2700, '2019-07-22 23:17:23', NULL, NULL),
	('CAM', 'CAM 3107', 'Kaki 3', 1360, '2019-07-22 23:17:23', NULL, NULL),
	('CAM', 'CAM 3108', 'Laci 2', 310, '2019-07-22 23:17:23', NULL, NULL),
	('CAM', 'CAM 3109', 'Ambalan 1', 1000, '2019-07-22 23:17:24', NULL, NULL),
	('CAM', 'CAM 3117', 'Ambalan 2', 2410, '2019-07-22 23:17:24', NULL, NULL),
	('CDA', 'CDA 3011', 'Box 9', 11510, '2019-07-22 23:17:24', NULL, NULL),
	('CDA', 'CDA 3012', 'Box 10', 140, '2019-07-22 23:17:24', NULL, NULL),
	('CDA', 'CDA 3018', 'Laci 6', 1780, '2019-07-22 23:17:24', NULL, NULL),
	('CDA', 'CDA 3102', 'Box 11', 1590, '2019-07-22 23:17:24', NULL, NULL),
	('CDA', 'CDA 3103', 'Laci 7', 450, '2019-07-22 23:17:24', NULL, NULL),
	('CDB', 'CDB 3011', 'Box 9', 11510, '2019-07-22 23:17:24', NULL, NULL),
	('CDB', 'CDB 3012', 'Box 10', 140, '2019-07-22 23:17:25', NULL, NULL),
	('CDB', 'CDB 3018', 'Laci 6', 1780, '2019-07-22 23:17:25', NULL, NULL),
	('CDB', 'CDB 3102', 'Box 11', 1590, '2019-07-22 23:17:25', NULL, NULL),
	('CDB', 'CDB 3103', 'Laci 7', 450, '2019-07-22 23:17:25', NULL, NULL),
	('CDC', 'CDC 3011', 'Box 9', 11510, '2019-07-22 23:17:25', NULL, NULL),
	('CDC', 'CDC 3012', 'Box 10', 140, '2019-07-22 23:17:25', NULL, NULL),
	('CDC', 'CDC 3018', 'Laci 6', 1780, '2019-07-22 23:17:25', NULL, NULL),
	('CDC', 'CDC 3102', 'Box 11', 1590, '2019-07-22 23:17:25', NULL, NULL),
	('CDC', 'CDC 3103', 'Laci 7', 450, '2019-07-22 23:17:25', NULL, NULL),
	('CDE', 'CDE 3008', 'Box 6', 10990, '2019-07-22 23:17:26', NULL, NULL),
	('CDE', 'CDE 3009', 'Box 7', 140, '2019-07-22 23:17:26', NULL, NULL),
	('CDE', 'CDE 3013', 'Laci 3', 1260, '2019-07-22 23:17:26', NULL, NULL),
	('CDE', 'CDE 3102', 'Box 8', 1590, '2019-07-22 23:17:26', NULL, NULL),
	('CDE', 'CDE 3103', 'Laci 4', 450, '2019-07-22 23:17:26', NULL, NULL),
	('CDG', 'CDG 3008', 'Box 6', 10990, '2019-07-22 23:17:26', NULL, NULL),
	('CDG', 'CDG 3009', 'Box 7', 140, '2019-07-22 23:17:26', NULL, NULL),
	('CDG', 'CDG 3013', 'Laci 3', 1260, '2019-07-22 23:17:27', NULL, NULL),
	('CDG', 'CDG 3102', 'Box 8', 1590, '2019-07-22 23:17:27', NULL, NULL),
	('CDG', 'CDG 3103', 'Laci 4', 450, '2019-07-22 23:17:27', NULL, NULL),
	('CDH', 'CDH 3010', 'Box 8', 140, '2019-07-22 23:17:27', NULL, NULL),
	('CDH', 'CDH 3011', 'Box 9', 12140, '2019-07-22 23:17:27', NULL, NULL),
	('CDH', 'CDH 3016', 'Laci 4', 1460, '2019-07-22 23:17:27', NULL, NULL),
	('CDH', 'CDH 3102', 'Box 10', 1590, '2019-07-22 23:17:27', NULL, NULL),
	('CDH', 'CDH 3103', 'Laci 5', 450, '2019-07-22 23:17:27', NULL, NULL),
	('CDI', 'CDI 3011', 'Box 8', 13050, '2019-07-22 23:17:27', NULL, NULL),
	('CDI', 'CDI 3018', 'Laci 5', 1650, '2019-07-22 23:17:28', NULL, NULL),
	('CDI', 'CDI 3102', 'Box 10', 2360, '2019-07-22 23:17:28', NULL, NULL),
	('CDI', 'CDI 3103', 'Laci 6', 480, '2019-07-22 23:17:28', NULL, NULL),
	('CDJ', 'CDJ 3011', 'Box 8', 13050, '2019-07-22 23:17:28', NULL, NULL),
	('CDJ', 'CDJ 3018', 'Laci 5', 1650, '2019-07-22 23:17:28', NULL, NULL),
	('CDJ', 'CDJ 3102', 'Box 10', 2360, '2019-07-22 23:17:28', NULL, NULL),
	('CDJ', 'CDJ 3103', 'Laci 6', 480, '2019-07-22 23:17:28', NULL, NULL),
	('CDK', 'CDK 3010', 'Box 8', 10720, '2019-07-22 23:17:28', NULL, NULL),
	('CDK', 'CDK 3011', 'Box 9', 140, '2019-07-22 23:17:28', NULL, NULL),
	('CDK', 'CDK 3016', 'Laci 5', 1460, '2019-07-22 23:17:29', NULL, NULL),
	('CDK', 'CDK 3102', 'Box 10', 1430, '2019-07-22 23:17:29', NULL, NULL),
	('CDK', 'CDK 3103', 'Laci 6', 450, '2019-07-22 23:17:29', NULL, NULL),
	('CDL', 'CDL 3010', 'Box 8', 10720, '2019-07-22 23:17:29', NULL, NULL),
	('CDL', 'CDL 3011', 'Box 9', 140, '2019-07-22 23:17:29', NULL, NULL),
	('CDL', 'CDL 3016', 'Laci 5', 1460, '2019-07-22 23:17:29', NULL, NULL),
	('CDL', 'CDL 3102', 'Box 10', 1430, '2019-07-22 23:17:29', NULL, NULL),
	('CDL', 'CDL 3103', 'Laci 6', 450, '2019-07-22 23:17:29', NULL, NULL),
	('CDM', 'CDM 3010', 'Box 8', 10720, '2019-07-22 23:17:29', NULL, NULL),
	('CDM', 'CDM 3011', 'Box 9', 140, '2019-07-22 23:17:29', NULL, NULL),
	('CDM', 'CDM 3016', 'Laci 5', 1460, '2019-07-22 23:17:29', NULL, NULL),
	('CDM', 'CDM 3102', 'Box 10', 1430, '2019-07-22 23:17:30', NULL, NULL),
	('CDM', 'CDM 3103', 'Laci 6', 450, '2019-07-22 23:17:30', NULL, NULL),
	('CDN', 'CDN 3101', 'Top 7', 220, '2019-07-22 23:17:30', NULL, NULL),
	('CDN', 'CDN 3102', 'Box 3', 440, '2019-07-22 23:17:30', NULL, NULL),
	('CDN', 'CDN 3103', 'Box 6', 20490, '2019-07-22 23:17:30', NULL, NULL),
	('CDN', 'CDN 3104', 'Box 7', 2880, '2019-07-22 23:17:30', NULL, NULL),
	('CDN', 'CDN 3105', 'Laci 6', 2960, '2019-07-22 23:17:30', NULL, NULL),
	('CDN', 'CDN 3106', 'Laci 7', 650, '2019-07-22 23:17:30', NULL, NULL),
	('CDN', 'CDN 3107', 'Kaki 3', 2880, '2019-07-22 23:17:31', NULL, NULL),
	('CDN', 'CDN 3108', 'Kaki 4', 870, '2019-07-22 23:17:31', NULL, NULL),
	('CDO', 'CDO 3101', 'Top 7', 220, '2019-07-22 23:17:31', NULL, NULL),
	('CDO', 'CDO 3102', 'Box 3', 440, '2019-07-22 23:17:31', NULL, NULL),
	('CDO', 'CDO 3103', 'Box 6', 20490, '2019-07-22 23:17:31', NULL, NULL),
	('CDO', 'CDO 3104', 'Box 7', 2880, '2019-07-22 23:17:31', NULL, NULL),
	('CDO', 'CDO 3105', 'Laci 6', 2960, '2019-07-22 23:17:31', NULL, NULL),
	('CDO', 'CDO 3106', 'Laci 7', 650, '2019-07-22 23:17:31', NULL, NULL),
	('CDO', 'CDO 3107', 'Kaki 3', 2880, '2019-07-22 23:17:31', NULL, NULL),
	('CDO', 'CDO 3108', 'KakI4', 870, '2019-07-22 23:17:32', NULL, NULL),
	('CDP', 'CDP 3101', 'Top 7', 220, '2019-07-22 23:17:32', NULL, NULL),
	('CDP', 'CDP 3102', 'Box 3', 440, '2019-07-22 23:17:32', NULL, NULL),
	('CDP', 'CDP 3103', 'Box 6', 20490, '2019-07-22 23:17:32', NULL, NULL),
	('CDP', 'CDP 3104', 'Box 7', 2880, '2019-07-22 23:17:32', NULL, NULL),
	('CDP', 'CDP 3105', 'Laci 6', 2960, '2019-07-22 23:17:32', NULL, NULL),
	('CDP', 'CDP 3106', 'Laci 7', 650, '2019-07-22 23:17:32', NULL, NULL),
	('CDP', 'CDP 3107', 'Kaki 3', 2880, '2019-07-22 23:17:32', NULL, NULL),
	('CDP', 'CDP 3108', 'KakI4', 870, '2019-07-22 23:17:33', NULL, NULL),
	('CDQ', 'CDQ 3101', 'Top 3', 230, '2019-07-22 23:17:33', NULL, NULL),
	('CDQ', 'CDQ 3102', 'Box 2', 230, '2019-07-22 23:17:33', NULL, NULL),
	('CDQ', 'CDQ 3103', 'Box 5', 19720, '2019-07-22 23:17:33', NULL, NULL),
	('CDQ', 'CDQ 3104', 'Box 6', 4320, '2019-07-22 23:17:33', NULL, NULL),
	('CDQ', 'CDQ 3105', 'Kaki 2', 160, '2019-07-22 23:17:33', NULL, NULL),
	('CDQ', 'CDQ 3106', 'Kaki 5', 1670, '2019-07-22 23:17:33', NULL, NULL),
	('CDQ', 'CDQ 3107', 'Kaki 5', 870, '2019-07-22 23:17:33', NULL, NULL),
	('CDQ', 'CDQ 3108', 'Laci 5', 1920, '2019-07-22 23:17:34', NULL, NULL),
	('CDQ', 'CDQ 3109', 'Laci 6', 870, '2019-07-22 23:17:34', NULL, NULL),
	('CDS', 'CDS 3101', 'Top 3', 230, '2019-07-22 23:17:34', NULL, NULL),
	('CDS', 'CDS 3102', 'Box 2', 230, '2019-07-22 23:17:34', NULL, NULL),
	('CDS', 'CDS 3103', 'Box 5', 19720, '2019-07-22 23:17:34', NULL, NULL),
	('CDS', 'CDS 3104', 'Box 6', 4320, '2019-07-22 23:17:34', NULL, NULL),
	('CDS', 'CDS 3105', 'Kaki 2', 160, '2019-07-22 23:17:34', NULL, NULL),
	('CDS', 'CDS 3106', 'Kaki 5', 1670, '2019-07-22 23:17:34', NULL, NULL),
	('CDS', 'CDS 3107', 'Kaki 5', 870, '2019-07-22 23:17:34', NULL, NULL),
	('CDS', 'CDS 3108', 'Laci 5', 1920, '2019-07-22 23:17:34', NULL, NULL),
	('CDS', 'CDS 3109', 'Laci 6', 870, '2019-07-22 23:17:35', NULL, NULL),
	('CDZ', 'CDZ 3101', 'Top 3', 230, '2019-07-22 23:17:35', NULL, NULL),
	('CDZ', 'CDZ 3102', 'Box 2', 230, '2019-07-22 23:17:35', NULL, NULL),
	('CDZ', 'CDZ 3103', 'Box 5', 19720, '2019-07-22 23:17:35', NULL, NULL),
	('CDZ', 'CDZ 3104', 'Box 6', 4320, '2019-07-22 23:17:35', NULL, NULL),
	('CDZ', 'CDZ 3105', 'Kaki 2', 160, '2019-07-22 23:17:35', NULL, NULL),
	('CDZ', 'CDZ 3106', 'Kaki 5', 1670, '2019-07-22 23:17:35', NULL, NULL),
	('CDZ', 'CDZ 3107', 'Kaki 5', 870, '2019-07-22 23:17:35', NULL, NULL),
	('CDZ', 'CDZ 3108', 'Laci 5', 1920, '2019-07-22 23:17:35', NULL, NULL),
	('CDZ', 'CDZ 3109', 'Laci 6', 870, '2019-07-22 23:17:36', NULL, NULL),
	('DDS', 'DDS 3008', 'Kaki 2', 4860, '2019-07-22 23:17:36', NULL, NULL),
	('DDS', 'DDS 3009', 'Box 1', 5830, '2019-07-22 23:17:36', NULL, NULL),
	('DDS', 'DDS 3010', 'Ambalan 1', 4650, '2019-07-22 23:17:36', NULL, NULL),
	('DDS', 'DDS 3101', 'Top 3', 720, '2019-07-22 23:17:36', NULL, NULL),
	('DDS', 'DDS 3102', 'Top 4', 900, '2019-07-22 23:17:36', NULL, NULL),
	('DDS', 'DDS 3103', 'Kaki 3', 980, '2019-07-22 23:17:36', NULL, NULL),
	('DDS', 'DDS 3104', 'Box 2', 1690, '2019-07-22 23:17:36', NULL, NULL),
	('DDS', 'DDS 3105', 'Ambalan 2', 1640, '2019-07-22 23:17:36', NULL, NULL),
	('DDS', 'DDS 3106', 'Kaki 4', 60, '2019-07-22 23:17:36', NULL, NULL),
	('DDS', 'DDS 3109', 'Ambalan 3', 450, '2019-07-22 23:17:37', NULL, NULL),
	('DDS', 'DDS 3110', 'Ambalan 4', 500, '2019-07-22 23:17:37', NULL, NULL),
	('DDS', 'DDS 3112', 'Panel Samping Kanan Kiri 5', 220, '2019-07-22 23:17:37', NULL, NULL),
	('DDW', 'DDW 3008', 'Kaki 2', 4860, '2019-07-22 23:17:37', NULL, NULL),
	('DDW', 'DDW 3009', 'Box 1', 5830, '2019-07-22 23:17:37', NULL, NULL),
	('DDW', 'DDW 3010', 'Ambalan 1', 4650, '2019-07-22 23:17:37', NULL, NULL),
	('DDW', 'DDW 3101', 'Top 3', 720, '2019-07-22 23:17:37', NULL, NULL),
	('DDW', 'DDW 3102', 'Top 4', 900, '2019-07-22 23:17:37', NULL, NULL),
	('DDW', 'DDW 3103', 'Kaki 3', 980, '2019-07-22 23:17:37', NULL, NULL),
	('DDW', 'DDW 3104', 'Box 2', 1690, '2019-07-22 23:17:37', NULL, NULL),
	('DDW', 'DDW 3105', 'Ambalan 2', 1640, '2019-07-22 23:17:38', NULL, NULL),
	('DDW', 'DDW 3106', 'Kaki 4', 60, '2019-07-22 23:17:38', NULL, NULL),
	('DDW', 'DDW 3109', 'Ambalan 3', 450, '2019-07-22 23:17:38', NULL, NULL),
	('DDW', 'DDW 3110', 'Ambalan 4', 500, '2019-07-22 23:17:38', NULL, NULL),
	('DDW', 'DDW 3112', 'Panel Samping Kanan Kiri 5', 220, '2019-07-22 23:17:38', NULL, NULL),
	('HDB', 'HDB 3101', 'Box 15', 21830, '2019-07-22 23:17:38', NULL, NULL),
	('HDB', 'HDB 3102', 'Box 16', 2100, '2019-07-22 23:17:38', NULL, NULL),
	('HDB', 'HDB 3103', 'Laci 2', 2650, '2019-07-22 23:17:38', NULL, NULL),
	('HDB', 'HDB 3104', 'Laci 3', 1010, '2019-07-22 23:17:38', NULL, NULL),
	('HDB', 'HDB 3105', 'Laci 4', 1560, '2019-07-22 23:17:39', NULL, NULL),
	('HDH', 'HDH 3101', 'Box 7', 13130, '2019-07-22 23:17:39', NULL, NULL),
	('HDH', 'HDH 3102', 'Box 8', 1750, '2019-07-22 23:17:39', NULL, NULL),
	('HDH', 'HDH 3103', 'Laci 1', 1250, '2019-07-22 23:17:39', NULL, NULL),
	('HDH', 'HDH 3104', 'Laci 2', 940, '2019-07-22 23:17:39', NULL, NULL),
	('HEZ', 'HEZ 3101', 'Box 14', 24240, '2019-07-22 23:17:39', NULL, NULL),
	('HEZ', 'HEZ 3102', 'Box 15', 3970, '2019-07-22 23:17:39', NULL, NULL),
	('HEZ', 'HEZ 3103', 'Pintu 4', 3660, '2019-07-22 23:17:39', NULL, NULL),
	('HEZ', 'HEZ 3104', 'Pintu 5', 200, '2019-07-22 23:17:39', NULL, NULL),
	('HEZ', 'HEZ 3105', 'Ambalan ', 1400, '2019-07-22 23:17:40', NULL, NULL),
	('HEZ', 'HEZ 3106', 'Ambalan 1', 470, '2019-07-22 23:17:40', NULL, NULL),
	('HEZ', 'HEZ 3107', 'Kaki 2', 2020, '2019-07-22 23:17:40', NULL, NULL),
	('HEZ', 'HEZ 3108', 'Kaki 3', 1400, '2019-07-22 23:17:40', NULL, NULL),
	('HFD', 'HFD 3101', 'Box 15', 31540, '2019-07-22 23:17:40', NULL, NULL),
	('HFD', 'HFD 3102', 'Box 16', 4670, '2019-07-22 23:17:40', NULL, NULL),
	('HFD', 'HFD 3103', 'Pintu Atas 4', 4040, '2019-07-22 23:17:40', NULL, NULL),
	('HFD', 'HFD 3104', 'Pintu Atas 5', 320, '2019-07-22 23:17:40', NULL, NULL),
	('HFD', 'HFD 3105', 'Pintu Bwh 1', 1330, '2019-07-22 23:17:40', NULL, NULL),
	('HFD', 'HFD 3106', 'Pintu Bwh 2', 780, '2019-07-22 23:17:40', NULL, NULL),
	('HFD', 'HFD 3107', 'Kaki 2', 2020, '2019-07-22 23:17:41', NULL, NULL),
	('HFD', 'HFD 3108', 'Kaki 3', 1950, '2019-07-22 23:17:41', NULL, NULL),
	('HFD', 'HFD 3109', 'Ambalan ', 940, '2019-07-22 23:17:41', NULL, NULL),
	('HFD', 'HFD 3110', 'Ambalan 1', 320, '2019-07-22 23:17:41', NULL, NULL),
	('HFH', 'HFH 3101', 'Box 14', 32990, '2019-07-22 23:17:41', NULL, NULL),
	('HFH', 'HFH 3102', 'Box 15', 4000, '2019-07-22 23:17:41', NULL, NULL),
	('HFH', 'HFH 3103', 'Ambalan 2', 3560, '2019-07-22 23:17:41', NULL, NULL),
	('HFH', 'HFH 3104', 'Pintu 4', 6000, '2019-07-22 23:17:41', NULL, NULL),
	('HFH', 'HFH 3105', 'Pintu 5', 420, '2019-07-22 23:17:41', NULL, NULL),
	('HFH', 'HFH 3106', 'Kaki 2', 2020, '2019-07-22 23:17:42', NULL, NULL),
	('HFH', 'HFH 3107', 'Kaki 3', 1750, '2019-07-22 23:17:42', NULL, NULL),
	('HFH', 'HFH 3108', 'Laci 1', 1250, '2019-07-22 23:17:42', NULL, NULL),
	('HFH', 'HFH 3109', 'Laci 2', 440, '2019-07-22 23:17:42', NULL, NULL),
	('HFI', 'HFI 3101', 'Box 16', 36350, '2019-07-22 23:17:42', NULL, NULL),
	('HFI', 'HFI 3102', 'Box 17', 3970, '2019-07-22 23:17:42', NULL, NULL),
	('HFI', 'HFI 3103', 'Pintu 4', 4040, '2019-07-22 23:17:42', NULL, NULL),
	('HFI', 'HFI 3104', 'Pintu 5', 320, '2019-07-22 23:17:42', NULL, NULL),
	('HFI', 'HFI 3105', 'Laci 1', 1870, '2019-07-22 23:17:43', NULL, NULL),
	('HFI', 'HFI 3106', 'Laci 2', 940, '2019-07-22 23:17:43', NULL, NULL),
	('HFI', 'HFI 3107', 'Kaki 2', 2020, '2019-07-22 23:17:43', NULL, NULL),
	('HFI', 'HFI 3108', 'Kaki 3', 1950, '2019-07-22 23:17:43', NULL, NULL),
	('KKF', 'KKF 3008', 'Box 5', 3350, '2019-07-22 23:17:43', NULL, NULL),
	('KKF', 'KKF 3103', 'Box 3', 10640, '2019-07-22 23:17:43', NULL, NULL),
	('KKF', 'KKF 3104', 'Box 4', 290, '2019-07-22 23:17:43', NULL, NULL),
	('KKT', 'KKT 3008', 'Kaki 2', 3920, '2019-07-22 23:17:43', NULL, NULL),
	('KKT', 'KKT 3009', 'Box 1', 2820, '2019-07-22 23:17:43', NULL, NULL),
	('KKT', 'KKT 3010', 'Ambalan 1', 2330, '2019-07-22 23:17:44', NULL, NULL),
	('KKT', 'KKT 3103', 'Kaki', 1300, '2019-07-22 23:17:44', NULL, NULL),
	('KKT', 'KKT 3104', 'Box 1', 1050, '2019-07-22 23:17:44', NULL, NULL),
	('KKT', 'KKT 3105', 'Ambalan', 1050, '2019-07-22 23:17:44', NULL, NULL),
	('KKZ', 'KKZ 3006', 'Box 2', 6450, '2019-07-22 23:17:44', NULL, NULL),
	('KKZ', 'KKZ 3010', 'Kaki 2', 6910, '2019-07-22 23:17:44', NULL, NULL),
	('KKZ', 'KKZ 3014', 'Laci 1', 2010, '2019-07-22 23:17:44', NULL, NULL),
	('KKZ', 'KKZ 3101', 'Top 4', 290, '2019-07-22 23:17:44', NULL, NULL),
	('KKZ', 'KKZ 3102', 'Top 5', 700, '2019-07-22 23:17:44', NULL, NULL),
	('KKZ', 'KKZ 3103', 'Top 6', 120, '2019-07-22 23:17:44', NULL, NULL),
	('KKZ', 'KKZ 3105', 'Box 3', 2230, '2019-07-22 23:17:45', NULL, NULL),
	('KKZ', 'KKZ 3106', 'Ambalan 2', 190, '2019-07-22 23:17:45', NULL, NULL),
	('KKZ', 'KKZ 3107', 'Kaki 3', 980, '2019-07-22 23:17:45', NULL, NULL),
	('KKZ', 'KKZ 3108', 'Laci 2', 440, '2019-07-22 23:17:45', NULL, NULL),
	('KKZ', 'KKZ 3109', 'Ambalan 1', 570, '2019-07-22 23:17:45', NULL, NULL),
	('KKZ', 'KKZ 3110', 'Ambalan 2', 1600, '2019-07-22 23:17:45', NULL, NULL),
	('KKZ', 'KKZ 3111', 'Panel Samping Dalam 4', 220, '2019-07-22 23:17:45', NULL, NULL),
	('KKZ', 'KKZ 3112', 'Ambalan 3', 320, '2019-07-22 23:17:45', NULL, NULL),
	('PNL', 'PNL 3101', 'Panel Lembaran 1', 5160, '2019-07-22 23:17:45', NULL, NULL),
	('TGG', 'TGG 3010', 'Box 8', 10720, '2019-07-22 23:17:46', NULL, NULL),
	('TGG', 'TGG 3011', 'Box 9', 140, '2019-07-22 23:17:46', NULL, NULL),
	('TGG', 'TGG 3016', 'Laci 5', 1460, '2019-07-22 23:17:46', NULL, NULL),
	('TGG', 'TGG 3102', 'Box 10', 1430, '2019-07-22 23:17:46', NULL, NULL),
	('TGG', 'TGG 3103', 'Laci 6', 450, '2019-07-22 23:17:46', NULL, NULL),
	('TGI', 'TGI 3011', 'Box 9', 11510, '2019-07-22 23:17:46', NULL, NULL),
	('TGI', 'TGI 3012', 'Box 10', 140, '2019-07-22 23:17:46', NULL, NULL),
	('TGI', 'TGI 3018', 'Laci 6', 1780, '2019-07-22 23:17:46', NULL, NULL),
	('TGI', 'TGI 3102', 'Box 11', 1590, '2019-07-22 23:17:46', NULL, NULL),
	('TGI', 'TGI 3103', 'Laci 7', 450, '2019-07-22 23:17:46', NULL, NULL),
	('UAC', 'UAC 3010', 'Box 8', 140, '2019-07-22 23:17:46', NULL, NULL),
	('UAC', 'UAC 3011', 'Box 9', 12140, '2019-07-22 23:17:47', NULL, NULL),
	('UAC', 'UAC 3016', 'Laci 4', 1460, '2019-07-22 23:17:47', NULL, NULL),
	('UAC', 'UAC 3102', 'Box 10', 1590, '2019-07-22 23:17:47', NULL, NULL),
	('UAC', 'UAC 3103', 'Laci 5', 450, '2019-07-22 23:17:47', NULL, NULL),
	('UAN', 'UAN 3011', 'Box 8', 13050, '2019-07-22 23:17:47', NULL, NULL),
	('UAN', 'UAN 3018', 'Laci 5', 1650, '2019-07-22 23:17:47', NULL, NULL),
	('UAN', 'UAN 3102', 'Box 10', 2360, '2019-07-22 23:17:47', NULL, NULL),
	('UAN', 'UAN 3103', 'Laci 6', 480, '2019-07-22 23:17:47', NULL, NULL),
	('UDA', 'UDA 3011', 'Box 8', 13050, '2019-07-22 23:17:47', NULL, NULL),
	('UDA', 'UDA 3018', 'Laci 5', 1650, '2019-07-22 23:17:47', NULL, NULL),
	('UDA', 'UDA 3102', 'Box 10', 2360, '2019-07-22 23:17:48', NULL, NULL),
	('UDA', 'UDA 3103', 'Laci 6', 480, '2019-07-22 23:17:48', NULL, NULL),
	('UDB', 'UDB 3011', 'Box 8', 13050, '2019-07-22 23:17:48', NULL, NULL),
	('UDB', 'UDB 3018', 'Laci 5', 1650, '2019-07-22 23:17:48', NULL, NULL),
	('UDB', 'UDB 3102', 'Box 10', 2360, '2019-07-22 23:17:48', NULL, NULL),
	('UDB', 'UDB 3103', 'Laci 6', 480, '2019-07-22 23:17:48', NULL, NULL),
	('UDC', 'UDC 3011', 'Box 8', 13050, '2019-07-22 23:17:48', NULL, NULL),
	('UDC', 'UDC 3018', 'Laci 5', 1650, '2019-07-22 23:17:49', NULL, NULL),
	('UDC', 'UDC 3102', 'Box 10', 2360, '2019-07-22 23:17:49', NULL, NULL),
	('UDC', 'UDC 3103', 'Laci 6', 480, '2019-07-22 23:17:49', NULL, NULL),
	('UDD', 'UDD 3011', 'Box 8', 13050, '2019-07-22 23:17:49', NULL, NULL),
	('UDD', 'UDD 3018', 'Laci 5', 1650, '2019-07-22 23:17:49', NULL, NULL),
	('UDD', 'UDD 3102', 'Box 10', 2360, '2019-07-22 23:17:49', NULL, NULL),
	('UDD', 'UDD 3103', 'Laci 6', 480, '2019-07-22 23:17:49', NULL, NULL),
	('UDE', 'UDE 3101', 'Box 15', 18340, '2019-07-22 23:17:49', NULL, NULL),
	('UDE', 'UDE 3102', 'Box 16', 4100, '2019-07-22 23:17:49', NULL, NULL),
	('UDE', 'UDE 3103', 'Laci 6', 1970, '2019-07-22 23:17:50', NULL, NULL),
	('UDE', 'UDE 3104', 'Laci 7', 580, '2019-07-22 23:17:50', NULL, NULL),
	('UDF', 'UDF 3011', 'Box 9', 11510, '2019-07-22 23:17:50', NULL, NULL),
	('UDF', 'UDF 3012', 'Box 10', 140, '2019-07-22 23:17:50', NULL, NULL),
	('UDF', 'UDF 3018', 'Laci 6', 1780, '2019-07-22 23:17:50', NULL, NULL),
	('UDF', 'UDF 3102', 'Box 11', 1590, '2019-07-22 23:17:50', NULL, NULL),
	('UDF', 'UDF 3103', 'Laci 7', 450, '2019-07-22 23:17:50', NULL, NULL),
	('UDG', 'UDG 3011', 'Box 9', 11510, '2019-07-22 23:17:50', NULL, NULL),
	('UDG', 'UDG 3012', 'Box 10', 140, '2019-07-22 23:17:50', NULL, NULL),
	('UDG', 'UDG 3018', 'Laci 6', 1780, '2019-07-22 23:17:50', NULL, NULL),
	('UDG', 'UDG 3102', 'Box 11', 1590, '2019-07-22 23:17:51', NULL, NULL),
	('UDG', 'UDG 3103', 'Laci 7', 450, '2019-07-22 23:17:51', NULL, NULL),
	('UDH', 'UDH 3011', 'Box 9', 11510, '2019-07-22 23:17:51', NULL, NULL),
	('UDH', 'UDH 3012', 'Box 10', 140, '2019-07-22 23:17:51', NULL, NULL),
	('UDH', 'UDH 3018', 'Laci 6', 1780, '2019-07-22 23:17:51', NULL, NULL),
	('UDH', 'UDH 3102', 'Box 11', 1590, '2019-07-22 23:17:51', NULL, NULL),
	('UDH', 'UDH 3103', 'Laci 7', 450, '2019-07-22 23:17:51', NULL, NULL),
	('UDI', 'UDI 3011', 'Box 9', 11510, '2019-07-22 23:17:51', NULL, NULL),
	('UDI', 'UDI 3012', 'Box 10', 140, '2019-07-22 23:17:51', NULL, NULL),
	('UDI', 'UDI 3018', 'Laci 6', 1780, '2019-07-22 23:17:51', NULL, NULL),
	('UDI', 'UDI 3102', 'Box 11', 1590, '2019-07-22 23:17:52', NULL, NULL),
	('UDI', 'UDI 3103', 'Laci 7', 450, '2019-07-22 23:17:52', NULL, NULL),
	('UDJ', 'UDJ 3011', 'Box 9', 11510, '2019-07-22 23:17:52', NULL, NULL),
	('UDJ', 'UDJ 3012', 'Box 10', 140, '2019-07-22 23:17:52', NULL, NULL),
	('UDJ', 'UDJ 3018', 'Laci 6', 1780, '2019-07-22 23:17:52', NULL, NULL),
	('UDJ', 'UDJ 3102', 'Box 11', 1590, '2019-07-22 23:17:52', NULL, NULL),
	('UDJ', 'UDJ 3103', 'Laci 7', 450, '2019-07-22 23:17:52', NULL, NULL),
	('UDK', 'UDK 3010', 'Box 8', 10720, '2019-07-22 23:17:52', NULL, NULL),
	('UDK', 'UDK 3011', 'Box 9', 140, '2019-07-22 23:17:52', NULL, NULL),
	('UDK', 'UDK 3016', 'Laci 5', 1460, '2019-07-22 23:17:52', NULL, NULL),
	('UDK', 'UDK 3102', 'Box 10', 1430, '2019-07-22 23:17:53', NULL, NULL),
	('UDK', 'UDK 3103', 'Laci 6', 450, '2019-07-22 23:17:53', NULL, NULL),
	('UDL', 'UDL 3010', 'Box 8', 10720, '2019-07-22 23:17:53', NULL, NULL),
	('UDL', 'UDL 3011', 'Box 9', 140, '2019-07-22 23:17:53', NULL, NULL),
	('UDL', 'UDL 3016', 'Laci 5', 1460, '2019-07-22 23:17:53', NULL, NULL),
	('UDL', 'UDL 3102', 'Box 10', 1430, '2019-07-22 23:17:53', NULL, NULL),
	('UDL', 'UDL 3103', 'Laci 6', 450, '2019-07-22 23:17:53', NULL, NULL),
	('UDM', 'UDM 3010', 'Box 8', 10720, '2019-07-22 23:17:53', NULL, NULL),
	('UDM', 'UDM 3011', 'Box 9', 140, '2019-07-22 23:17:53', NULL, NULL),
	('UDM', 'UDM 3016', 'Laci 5', 1460, '2019-07-22 23:17:53', NULL, NULL),
	('UDM', 'UDM 3102', 'Box 10', 1430, '2019-07-22 23:17:53', NULL, NULL),
	('UDM', 'UDM 3103', 'Laci 6', 450, '2019-07-22 23:17:54', NULL, NULL),
	('UDN', 'UDN 3010', 'Box 8', 10720, '2019-07-22 23:17:54', NULL, NULL),
	('UDN', 'UDN 3011', 'Box 9', 140, '2019-07-22 23:17:54', NULL, NULL),
	('UDN', 'UDN 3016', 'Laci 5', 1460, '2019-07-22 23:17:54', NULL, NULL),
	('UDN', 'UDN 3102', 'Box 10', 1430, '2019-07-22 23:17:54', NULL, NULL),
	('UDN', 'UDN 3103', 'Laci 6', 450, '2019-07-22 23:17:54', NULL, NULL),
	('UDO', 'UDO 3010', 'Box 8', 10720, '2019-07-22 23:17:54', NULL, NULL),
	('UDO', 'UDO 3011', 'Box 9', 140, '2019-07-22 23:17:54', NULL, NULL),
	('UDO', 'UDO 3016', 'Laci 5', 1460, '2019-07-22 23:17:54', NULL, NULL),
	('UDO', 'UDO 3102', 'Box 10', 1430, '2019-07-22 23:17:54', NULL, NULL),
	('UDO', 'UDO 3103', 'Laci 6', 450, '2019-07-22 23:17:54', NULL, NULL),
	('UDP', 'UDP 3008', 'Box 6', 10990, '2019-07-22 23:17:55', NULL, NULL),
	('UDP', 'UDP 3009', 'Box 7', 140, '2019-07-22 23:17:55', NULL, NULL),
	('UDP', 'UDP 3013', 'Laci 3', 1260, '2019-07-22 23:17:55', NULL, NULL),
	('UDP', 'UDP 3102', 'Box 8', 1590, '2019-07-22 23:17:55', NULL, NULL),
	('UDP', 'UDP 3103', 'Laci 4', 450, '2019-07-22 23:17:55', NULL, NULL),
	('UDQ', 'UDQ 3008', 'Box 6', 10990, '2019-07-22 23:17:55', NULL, NULL),
	('UDQ', 'UDQ 3009', 'Box 7', 140, '2019-07-22 23:17:55', NULL, NULL),
	('UDQ', 'UDQ 3013', 'Laci 3', 1260, '2019-07-22 23:17:55', NULL, NULL),
	('UDQ', 'UDQ 3102', 'Box 8', 1590, '2019-07-22 23:17:55', NULL, NULL),
	('UDQ', 'UDQ 3103', 'Laci 4', 450, '2019-07-22 23:17:56', NULL, NULL),
	('UDR', 'UDR 3008', 'Box 6', 10990, '2019-07-22 23:17:56', NULL, NULL),
	('UDR', 'UDR 3009', 'Box 7', 140, '2019-07-22 23:17:56', NULL, NULL),
	('UDR', 'UDR 3013', 'Laci 3', 1260, '2019-07-22 23:17:56', NULL, NULL),
	('UDR', 'UDR 3102', 'Box 8', 1590, '2019-07-22 23:17:56', NULL, NULL),
	('UDR', 'UDR 3103', 'Laci 4', 450, '2019-07-22 23:17:56', NULL, NULL),
	('UDS', 'UDS 3008', 'Box 6', 10990, '2019-07-22 23:17:56', NULL, NULL),
	('UDS', 'UDS 3009', 'Box 7', 140, '2019-07-22 23:17:56', NULL, NULL),
	('UDS', 'UDS 3013', 'Laci 3', 1260, '2019-07-22 23:17:56', NULL, NULL),
	('UDS', 'UDS 3102', 'Box 8', 1590, '2019-07-22 23:17:57', NULL, NULL),
	('UDS', 'UDS 3103', 'Laci 4', 450, '2019-07-22 23:17:57', NULL, NULL),
	('UDT', 'UDT 3008', 'Box 6', 10990, '2019-07-22 23:17:57', NULL, NULL),
	('UDT', 'UDT 3009', 'Box 7', 140, '2019-07-22 23:17:57', NULL, NULL),
	('UDT', 'UDT 3013', 'Laci 3', 1260, '2019-07-22 23:17:57', NULL, NULL),
	('UDT', 'UDT 3102', 'Box 8', 1590, '2019-07-22 23:17:57', NULL, NULL),
	('UDT', 'UDT 3103', 'Laci 4', 450, '2019-07-22 23:17:57', NULL, NULL),
	('UDY', 'UDY 3101', 'Top 7', 220, '2019-07-22 23:17:57', NULL, NULL),
	('UDY', 'UDY 3102', 'Box 3', 440, '2019-07-22 23:17:57', NULL, NULL),
	('UDY', 'UDY 3103', 'Box 6', 20490, '2019-07-22 23:17:57', NULL, NULL),
	('UDY', 'UDY 3104', 'Box 7', 2880, '2019-07-22 23:17:58', NULL, NULL),
	('UDY', 'UDY 3105', 'Laci 6', 2960, '2019-07-22 23:17:58', NULL, NULL),
	('UDY', 'UDY 3106', 'Laci 7', 650, '2019-07-22 23:17:58', NULL, NULL),
	('UDY', 'UDY 3107', 'Kaki 3', 2880, '2019-07-22 23:17:58', NULL, NULL),
	('UDY', 'UDY 3108', 'KakI4', 870, '2019-07-22 23:17:58', NULL, NULL),
	('UDZ', 'UDZ 3101', 'Top 3', 230, '2019-07-22 23:17:58', NULL, NULL),
	('UDZ', 'UDZ 3102', 'Box 2', 230, '2019-07-22 23:17:58', NULL, NULL),
	('UDZ', 'UDZ 3103', 'Box 5', 19720, '2019-07-22 23:17:58', NULL, NULL),
	('UDZ', 'UDZ 3104', 'Box 6', 4320, '2019-07-22 23:17:58', NULL, NULL),
	('UDZ', 'UDZ 3105', 'Kaki 2', 160, '2019-07-22 23:17:58', NULL, NULL),
	('UDZ', 'UDZ 3106', 'Kaki 5', 1670, '2019-07-22 23:17:59', NULL, NULL),
	('UDZ', 'UDZ 3107', 'Kaki 5', 870, '2019-07-22 23:17:59', NULL, NULL),
	('UDZ', 'UDZ 3108', 'Laci 5', 1920, '2019-07-22 23:17:59', NULL, NULL),
	('UDZ', 'UDZ 3109', 'Laci 6', 870, '2019-07-22 23:17:59', NULL, NULL),
	('ZZZ', 'ZZZ 0001', 'Laci 1', 5000, '2019-07-28 17:51:23', '2019-07-28 18:19:43', NULL),
	('ZZZ', 'ZZZ 0002', 'Kaki 1', 800, '2019-07-28 18:19:18', '2019-07-28 18:19:39', NULL);
/*!40000 ALTER TABLE `part` ENABLE KEYS */;


-- Dumping structure for table dbfurnilac.password_resets
CREATE TABLE IF NOT EXISTS `password_resets` (
  `email` varchar(255)  NOT NULL,
  `token` varchar(255)  NOT NULL,
  `created_at` timestamp NULL DEFAULT NULL,
  KEY `password_resets_email_index` (`email`)
);

-- Dumping data for table dbfurnilac.password_resets: ~0 rows (approximately)
/*!40000 ALTER TABLE `password_resets` DISABLE KEYS */;
/*!40000 ALTER TABLE `password_resets` ENABLE KEYS */;


-- Dumping structure for table dbfurnilac.po
CREATE TABLE IF NOT EXISTS `po` (
  `buyer_id` int(11) NOT NULL,
  `po_number` varchar(10) NOT NULL,
  `transcation_date` date DEFAULT NULL,
  `created_at` timestamp NULL DEFAULT NULL,
  `updated_at` timestamp NULL DEFAULT NULL,
  `deleted_at` timestamp NULL DEFAULT NULL,
  PRIMARY KEY (`po_number`)
);

-- Dumping data for table dbfurnilac.po: ~0 rows (approximately)
/*!40000 ALTER TABLE `po` DISABLE KEYS */;
/*!40000 ALTER TABLE `po` ENABLE KEYS */;


-- Dumping structure for table dbfurnilac.po_detail
CREATE TABLE IF NOT EXISTS `po_detail` (
  `id` int(11) NOT NULL AUTO_INCREMENT,
  `po_number` varchar(10) NOT NULL,
  `part_number` varchar(6) DEFAULT NULL,
  `qty` int(11) DEFAULT NULL,
  `price` double DEFAULT NULL,
  `created_at` timestamp NULL DEFAULT NULL,
  `updated_at` timestamp NULL DEFAULT NULL,
  `deleted_at` timestamp NULL DEFAULT NULL,
  PRIMARY KEY (`id`)
);


-- Dumping structure for table dbfurnilac.users
CREATE TABLE IF NOT EXISTS `users` (
  `id` int NOT NULL AUTO_INCREMENT,
  `name` varchar(255)  NOT NULL,
  `email` varchar(255)  NOT NULL,
  `email_verified_at` timestamp NULL DEFAULT NULL,
  `password` varchar(255)  NOT NULL,
  `remember_token` varchar(100)  DEFAULT NULL,
  `created_at` timestamp NULL DEFAULT NULL,
  `updated_at` timestamp NULL DEFAULT NULL,
  PRIMARY KEY (`id`),
  UNIQUE KEY `users_email_unique` (`email`)
);

-- Dumping data for table dbfurnilac.users: ~0 rows (approximately)
/*!40000 ALTER TABLE `users` DISABLE KEYS */;
REPLACE INTO `users` (`id`, `name`, `email`, `email_verified_at`, `password`, `remember_token`, `created_at`, `updated_at`) VALUES
	(1, 'Administrator', 'admin@app.com', NULL, '$2y$10$cXOaiRSP.DCgGcXWNTAQ.umcVZSlD0Lkfc.1.r2fA8eMrX1w.oUqy', NULL, '2019-07-22 10:56:43', '2019-07-22 10:56:43');
/*!40000 ALTER TABLE `users` ENABLE KEYS */;
/*!40101 SET SQL_MODE=IFNULL(@OLD_SQL_MODE, '') */;
